-- phpMyAdmin SQL Dump
-- version 4.0.10
-- http://www.phpmyadmin.net
--
-- 主机: localhost
-- 生成日期: 2014-11-04 05:31:47
-- 服务器版本: 5.1.73-community
-- PHP 版本: 5.2.17

SET SQL_MODE = "NO_AUTO_VALUE_ON_ZERO";
SET time_zone = "+00:00";


/*!40101 SET @OLD_CHARACTER_SET_CLIENT=@@CHARACTER_SET_CLIENT */;
/*!40101 SET @OLD_CHARACTER_SET_RESULTS=@@CHARACTER_SET_RESULTS */;
/*!40101 SET @OLD_COLLATION_CONNECTION=@@COLLATION_CONNECTION */;
/*!40101 SET NAMES utf8 */;

--
-- 数据库: `dt_wxmall_ws`
--

-- --------------------------------------------------------

--
-- 表的结构 `ecm_acategory`
--

CREATE TABLE IF NOT EXISTS `ecm_acategory` (
  `cate_id` int(10) unsigned NOT NULL AUTO_INCREMENT,
  `cate_name` varchar(100) NOT NULL DEFAULT '',
  `parent_id` int(10) unsigned NOT NULL DEFAULT '0',
  `sort_order` tinyint(3) unsigned NOT NULL DEFAULT '255',
  `code` varchar(10) DEFAULT NULL,
  PRIMARY KEY (`cate_id`)
) ENGINE=MyISAM  DEFAULT CHARSET=utf8 AUTO_INCREMENT=10 ;

--
-- 转存表中的数据 `ecm_acategory`
--

INSERT INTO `ecm_acategory` (`cate_id`, `cate_name`, `parent_id`, `sort_order`, `code`) VALUES
(1, '商城帮助', 0, 0, 'help'),
(2, '商城公告', 0, 0, 'notice'),
(3, '内置文章', 0, 0, 'system'),
(4, '帮助中心', 1, 1, NULL),
(5, '支付帮助', 1, 2, NULL),
(6, '消费保障', 1, 3, NULL),
(7, '服务条款', 1, 4, NULL),
(8, '特色服务', 1, 5, NULL),
(9, '商家服务', 1, 6, NULL);

-- --------------------------------------------------------

--
-- 表的结构 `ecm_address`
--

CREATE TABLE IF NOT EXISTS `ecm_address` (
  `addr_id` int(10) unsigned NOT NULL AUTO_INCREMENT,
  `user_id` int(10) unsigned NOT NULL DEFAULT '0',
  `consignee` varchar(60) NOT NULL DEFAULT '',
  `region_id` int(10) unsigned DEFAULT NULL,
  `region_name` varchar(255) DEFAULT NULL,
  `address` varchar(255) DEFAULT NULL,
  `zipcode` varchar(20) DEFAULT NULL,
  `phone_tel` varchar(60) DEFAULT NULL,
  `phone_mob` varchar(60) DEFAULT NULL,
  PRIMARY KEY (`addr_id`),
  KEY `user_id` (`user_id`)
) ENGINE=MyISAM  DEFAULT CHARSET=utf8 AUTO_INCREMENT=2 ;

--
-- 转存表中的数据 `ecm_address`
--

INSERT INTO `ecm_address` (`addr_id`, `user_id`, `consignee`, `region_id`, `region_name`, `address`, `zipcode`, `phone_tel`, `phone_mob`) VALUES
(1, 3, '超级买家', 1, '中国', '请如实填写收货人详细地址', '', '', '8888888');

-- --------------------------------------------------------

--
-- 表的结构 `ecm_article`
--

CREATE TABLE IF NOT EXISTS `ecm_article` (
  `article_id` int(10) unsigned NOT NULL AUTO_INCREMENT,
  `code` varchar(20) NOT NULL DEFAULT '',
  `title` varchar(100) NOT NULL DEFAULT '',
  `cate_id` int(10) NOT NULL DEFAULT '0',
  `store_id` int(10) unsigned NOT NULL DEFAULT '0',
  `link` varchar(255) DEFAULT NULL,
  `content` text,
  `sort_order` tinyint(3) unsigned NOT NULL DEFAULT '255',
  `if_show` tinyint(3) unsigned NOT NULL DEFAULT '1',
  `add_time` int(10) unsigned DEFAULT NULL,
  PRIMARY KEY (`article_id`),
  KEY `code` (`code`),
  KEY `cate_id` (`cate_id`),
  KEY `store_id` (`store_id`)
) ENGINE=MyISAM  DEFAULT CHARSET=utf8 AUTO_INCREMENT=26 ;

--
-- 转存表中的数据 `ecm_article`
--

INSERT INTO `ecm_article` (`article_id`, `code`, `title`, `cate_id`, `store_id`, `link`, `content`, `sort_order`, `if_show`, `add_time`) VALUES
(1, 'eula', '用户服务协议', 3, 0, '', '<p>特别提醒用户认真阅读本《用户服务协议》(下称《协议》) 中各条款。除非您接受本《协议》条款，否则您无权使用本网站提供的相关服务。您的使用行为将视为对本《协议》的接受，并同意接受本《协议》各项条款的约束。 <br /> <br /> <strong>一、定义</strong><br /></p>\r\n<ol>\r\n<li>"用户"指符合本协议所规定的条件，同意遵守本网站各种规则、条款（包括但不限于本协议），并使用本网站的个人或机构。</li>\r\n<li>"卖家"是指在本网站上出售物品的用户。"买家"是指在本网站购买物品的用户。</li>\r\n<li>"成交"指买家根据卖家所刊登的交易要求，在特定时间内提出最优的交易条件，因而取得依其提出的条件购买该交易物品的权利。</li>\r\n</ol>\r\n<p><br /> <br /> <strong>二、用户资格</strong><br /> <br /> 只有符合下列条件之一的人员或实体才能申请成为本网站用户，可以使用本网站的服务。</p>\r\n<ol>\r\n<li>年满十八岁，并具有民事权利能力和民事行为能力的自然人；</li>\r\n<li>未满十八岁，但监护人（包括但不仅限于父母）予以书面同意的自然人；</li>\r\n<li>根据中国法律或设立地法律、法规和/或规章成立并合法存在的公司、企事业单位、社团组织和其他组织。</li>\r\n</ol>\r\n<p><br /> 无民事行为能力人、限制民事行为能力人以及无经营或特定经营资格的组织不当注册为本网站用户或超过其民事权利或行为能力范围从事交易的，其与本网站之间的协议自始无效，本网站一经发现，有权立即注销该用户，并追究其使用本网站"服务"的一切法律责任。<br /> <br /> <strong>三.用户的权利和义务</strong><br /></p>\r\n<ol>\r\n<li>用户有权根据本协议的规定及本网站发布的相关规则，利用本网站网上交易平台登录物品、发布交易信息、查询物品信息、购买物品、与其他用户订立物品买卖合同、在本网站社区发帖、参加本网站的有关活动及有权享受本网站提供的其他的有关资讯及信息服务。</li>\r\n<li>用户有权根据需要更改密码和交易密码。用户应对以该用户名进行的所有活动和事件负全部责任。</li>\r\n<li>用户有义务确保向本网站提供的任何资料、注册信息真实准确，包括但不限于真实姓名、身份证号、联系电话、地址、邮政编码等。保证本网站及其他用户可以通过上述联系方式与自己进行联系。同时，用户也有义务在相关资料实际变更时及时更新有关注册资料。</li>\r\n<li>用户不得以任何形式擅自转让或授权他人使用自己在本网站的用户帐号。</li>\r\n<li>用户有义务确保在本网站网上交易平台上登录物品、发布的交易信息真实、准确，无误导性。</li>\r\n<li>用户不得在本网站网上交易平台买卖国家禁止销售的或限制销售的物品、不得买卖侵犯他人知识产权或其他合法权益的物品，也不得买卖违背社会公共利益或公共道德的物品。</li>\r\n<li>用户不得在本网站发布各类违法或违规信息。包括但不限于物品信息、交易信息、社区帖子、物品留言，店铺留言，评价内容等。</li>\r\n<li>用户在本网站交易中应当遵守诚实信用原则，不得以干预或操纵物品价格等不正当竞争方式扰乱网上交易秩序，不得从事与网上交易无关的不当行为，不得在交易平台上发布任何违法信息。</li>\r\n<li>用户不应采取不正当手段（包括但不限于虚假交易、互换好评等方式）提高自身或他人信用度，或采用不正当手段恶意评价其他用户，降低其他用户信用度。</li>\r\n<li>用户承诺自己在使用本网站网上交易平台实施的所有行为遵守国家法律、法规和本网站的相关规定以及各种社会公共利益或公共道德。对于任何法律后果的发生，用户将以自己的名义独立承担所有相应的法律责任。</li>\r\n<li>用户在本网站网上交易过程中如与其他用户因交易产生纠纷，可以请求本网站从中予以协调。用户如发现其他用户有违法或违反本协议的行为，可以向本网站举报。如用户因网上交易与其他用户产生诉讼的，用户有权通过司法部门要求本网站提供相关资料。</li>\r\n<li>用户应自行承担因交易产生的相关费用，并依法纳税。</li>\r\n<li>未经本网站书面允许，用户不得将本网站资料以及在交易平台上所展示的任何信息以复制、修改、翻译等形式制作衍生作品、分发或公开展示。</li>\r\n<li>用户同意接收来自本网站的信息，包括但不限于活动信息、交易信息、促销信息等。</li>\r\n</ol>\r\n<p><br /> <br /> <strong>四、 本网站的权利和义务</strong><br /></p>\r\n<ol>\r\n<li>本网站不是传统意义上的"拍卖商"，仅为用户提供一个信息交流、进行物品买卖的平台，充当买卖双方之间的交流媒介，而非买主或卖主的代理商、合伙  人、雇员或雇主等经营关系人。公布在本网站上的交易物品是用户自行上传进行交易的物品，并非本网站所有。对于用户刊登物品、提供的信息或参与竞标的过程，  本网站均不加以监视或控制，亦不介入物品的交易过程，包括运送、付款、退款、瑕疵担保及其它交易事项，且不承担因交易物品存在品质、权利上的瑕疵以及交易  方履行交易协议的能力而产生的任何责任，对于出现在拍卖上的物品品质、安全性或合法性，本网站均不予保证。</li>\r\n<li>本网站有义务在现有技术水平的基础上努力确保整个网上交易平台的正常运行，尽力避免服务中断或将中断时间限制在最短时间内，保证用户网上交易活动的顺利进行。</li>\r\n<li>本网站有义务对用户在注册使用本网站网上交易平台中所遇到的问题及反映的情况及时作出回复。 </li>\r\n<li>本网站有权对用户的注册资料进行查阅，对存在任何问题或怀疑的注册资料，本网站有权发出通知询问用户并要求用户做出解释、改正，或直接做出处罚、删除等处理。</li>\r\n<li>用  户因在本网站网上交易与其他用户产生纠纷的，用户通过司法部门或行政部门依照法定程序要求本网站提供相关资料，本网站将积极配合并提供有关资料；用户将纠  纷告知本网站，或本网站知悉纠纷情况的，经审核后，本网站有权通过电子邮件及电话联系向纠纷双方了解纠纷情况，并将所了解的情况通过电子邮件互相通知对  方。 </li>\r\n<li>因网上交易平台的特殊性，本网站没有义务对所有用户的注册资料、所有的交易行为以及与交易有关的其他事项进行事先审查，但如发生以下情形，本网站有权限制用户的活动、向用户核实有关资料、发出警告通知、暂时中止、无限期地中止及拒绝向该用户提供服务：         \r\n<ul>\r\n<li>用户违反本协议或因被提及而纳入本协议的文件；</li>\r\n<li>存在用户或其他第三方通知本网站，认为某个用户或具体交易事项存在违法或不当行为，并提供相关证据，而本网站无法联系到该用户核证或验证该用户向本网站提供的任何资料；</li>\r\n<li>存在用户或其他第三方通知本网站，认为某个用户或具体交易事项存在违法或不当行为，并提供相关证据。本网站以普通非专业交易者的知识水平标准对相关内容进行判别，可以明显认为这些内容或行为可能对本网站用户或本网站造成财务损失或法律责任。 </li>\r\n</ul>\r\n</li>\r\n<li>在反网络欺诈行动中，本着保护广大用户利益的原则，当用户举报自己交易可能存在欺诈而产生交易争议时，本网站有权通过表面判断暂时冻结相关用户账号，并有权核对当事人身份资料及要求提供交易相关证明材料。</li>\r\n<li>根据国家法律法规、本协议的内容和本网站所掌握的事实依据，可以认定用户存在违法或违反本协议行为以及在本网站交易平台上的其他不当行为，本网站有权在本网站交易平台及所在网站上以网络发布形式公布用户的违法行为，并有权随时作出删除相关信息，而无须征得用户的同意。</li>\r\n<li>本  网站有权在不通知用户的前提下删除或采取其他限制性措施处理下列信息：包括但不限于以规避费用为目的；以炒作信用为目的；存在欺诈等恶意或虚假内容；与网  上交易无关或不是以交易为目的；存在恶意竞价或其他试图扰乱正常交易秩序因素；该信息违反公共利益或可能严重损害本网站和其他用户合法利益的。</li>\r\n<li>用  户授予本网站独家的、全球通用的、永久的、免费的信息许可使用权利，本网站有权对该权利进行再授权，依此授权本网站有权(全部或部份地)  使用、复制、修订、改写、发布、翻译、分发、执行和展示用户公示于网站的各类信息或制作其派生作品，以现在已知或日后开发的任何形式、媒体或技术，将上述  信息纳入其他作品内。</li>\r\n</ol>\r\n<p><br /> <br /> <strong>五、服务的中断和终止</strong><br /></p>\r\n<ol>\r\n<li>在  本网站未向用户收取相关服务费用的情况下，本网站可自行全权决定以任何理由  (包括但不限于本网站认为用户已违反本协议的字面意义和精神，或用户在超过180天内未登录本网站等)  终止对用户的服务，并不再保存用户在本网站的全部资料（包括但不限于用户信息、商品信息、交易信息等）。同时本网站可自行全权决定，在发出通知或不发出通  知的情况下，随时停止提供全部或部分服务。服务终止后，本网站没有义务为用户保留原用户资料或与之相关的任何信息，或转发任何未曾阅读或发送的信息给用户  或第三方。此外，本网站不就终止对用户的服务而对用户或任何第三方承担任何责任。 </li>\r\n<li>如用户向本网站提出注销本网站注册用户身份，需经本网站审核同意，由本网站注销该注册用户，用户即解除与本网站的协议关系，但本网站仍保留下列权利：         \r\n<ul>\r\n<li>用户注销后，本网站有权保留该用户的资料,包括但不限于以前的用户资料、店铺资料、商品资料和交易记录等。 </li>\r\n<li>用户注销后，如用户在注销前在本网站交易平台上存在违法行为或违反本协议的行为，本网站仍可行使本协议所规定的权利。 </li>\r\n</ul>\r\n</li>\r\n<li>如存在下列情况，本网站可以通过注销用户的方式终止服务：         \r\n<ul>\r\n<li>在用户违反本协议相关规定时，本网站有权终止向该用户提供服务。本网站将在中断服务时通知用户。但如该用户在被本网站终止提供服务后，再一次直接或间接或以他人名义注册为本网站用户的，本网站有权再次单方面终止为该用户提供服务；</li>\r\n<li>一旦本网站发现用户注册资料中主要内容是虚假的，本网站有权随时终止为该用户提供服务； </li>\r\n<li>本协议终止或更新时，用户未确认新的协议的。 </li>\r\n<li>其它本网站认为需终止服务的情况。 </li>\r\n</ul>\r\n</li>\r\n<li>因用户违反相关法律法规或者违反本协议规定等原因而致使本网站中断、终止对用户服务的，对于服务中断、终止之前用户交易行为依下列原则处理：         \r\n<ul>\r\n<li>本网站有权决定是否在中断、终止对用户服务前将用户被中断或终止服务的情况和原因通知用户交易关系方，包括但不限于对该交易有意向但尚未达成交易的用户,参与该交易竞价的用户，已达成交易要约用户。</li>\r\n<li>服务中断、终止之前，用户已经上传至本网站的物品尚未交易或交易尚未完成的，本网站有权在中断、终止服务的同时删除此项物品的相关信息。 </li>\r\n<li>服务中断、终止之前，用户已经就其他用户出售的具体物品作出要约，但交易尚未结束，本网站有权在中断或终止服务的同时删除该用户的相关要约和信息。</li>\r\n</ul>\r\n</li>\r\n<li>本网站若因用户的行为（包括但不限于刊登的商品、在本网站社区发帖等）侵害了第三方的权利或违反了相关规定，而受到第三方的追偿或受到主管机关的处分时，用户应赔偿本网站因此所产生的一切损失及费用。</li>\r\n<li>对违反相关法律法规或者违反本协议规定，且情节严重的用户，本网站有权终止该用户的其它服务。</li>\r\n</ol>\r\n<p><br /> <br /> <strong>六、协议的修订</strong><br /> <br /> 本协议可由本网站随时修订，并将修订后的协议公告于本网站之上，修订后的条款内容自公告时起生效，并成为本协议的一部分。用户若在本协议修改之后，仍继续使用本网站，则视为用户接受和自愿遵守修订后的协议。本网站行使修改或中断服务时，不需对任何第三方负责。<br /> <br /> <strong>七、 本网站的责任范围 </strong><br /> <br /> 当用户接受该协议时，用户应明确了解并同意∶</p>\r\n<ol>\r\n<li>是否经由本网站下载或取得任何资料，由用户自行考虑、衡量并且自负风险，因下载任何资料而导致用户电脑系统的任何损坏或资料流失，用户应负完全责任。</li>\r\n<li>用户经由本网站取得的建议和资讯，无论其形式或表现，绝不构成本协议未明示规定的任何保证。</li>\r\n<li>基于以下原因而造成的利润、商誉、使用、资料损失或其它无形损失，本网站不承担任何直接、间接、附带、特别、衍生性或惩罚性赔偿（即使本网站已被告知前款赔偿的可能性）：         \r\n<ul>\r\n<li>本网站的使用或无法使用。</li>\r\n<li>经由或通过本网站购买或取得的任何物品，或接收之信息，或进行交易所随之产生的替代物品及服务的购买成本。</li>\r\n<li>用户的传输或资料遭到未获授权的存取或变更。</li>\r\n<li>本网站中任何第三方之声明或行为。</li>\r\n<li>本网站其它相关事宜。</li>\r\n</ul>\r\n</li>\r\n<li>本网站只是为用户提供一个交易的平台，对于用户所刊登的交易物品的合法性、真实性及其品质，以及用户履行交易的能力等，本网站一律不负任何担保责任。用户如果因使用本网站，或因购买刊登于本网站的任何物品，而受有损害时，本网站不负任何补偿或赔偿责任。</li>\r\n<li>本  网站提供与其它互联网上的网站或资源的链接，用户可能会因此连结至其它运营商经营的网站，但不表示本网站与这些运营商有任何关系。其它运营商经营的网站均  由各经营者自行负责，不属于本网站控制及负责范围之内。对于存在或来源于此类网站或资源的任何内容、广告、产品或其它资料，本网站亦不予保证或负责。因使  用或依赖任何此类网站或资源发布的或经由此类网站或资源获得的任何内容、物品或服务所产生的任何损害或损失，本网站不负任何直接或间接的责任。</li>\r\n</ol>\r\n<p><br /> <br /> <strong>八.、不可抗力</strong><br /> <br /> 因不可抗力或者其他意外事件，使得本协议的履行不可能、不必要或者无意义的，双方均不承担责任。本合同所称之不可抗力意指不能预见、不能避免并不能克服的  客观情况，包括但不限于战争、台风、水灾、火灾、雷击或地震、罢工、暴动、法定疾病、黑客攻击、网络病毒、电信部门技术管制、政府行为或任何其它自然或人  为造成的灾难等客观情况。<br /> <br /> <strong>九、争议解决方式</strong><br /></p>\r\n<ol>\r\n<li>本协议及其修订本的有效性、履行和与本协议及其修订本效力有关的所有事宜，将受中华人民共和国法律管辖，任何争议仅适用中华人民共和国法律。</li>\r\n<li>因  使用本网站服务所引起与本网站的任何争议，均应提交深圳仲裁委员会按照该会届时有效的仲裁规则进行仲裁。相关争议应单独仲裁，不得与任何其它方的争议在任  何仲裁中合并处理，该仲裁裁决是终局，对各方均有约束力。如果所涉及的争议不适于仲裁解决，用户同意一切争议由人民法院管辖。</li>\r\n</ol>', 255, 1, 1240122848),
(2, 'cert_autonym', '什么是实名认证', 3, 0, '', '<p><strong>什么是实名认证？</strong></p>\r\n<p>&ldquo;认证店铺&rdquo;服务是一项对店主身份真实性识别服务。店主可以通过站内PM、电话或管理员EMail的方式 联系并申请该项认证。经过管理员审核确认了店主的真实身份，就可以开通该项认证。</p>\r\n<p>通过该认证，可以说明店主身份的真实有效性，为买家在网络交易的过程中提供一定的信心和保证。</p>\r\n<p><strong>认证申请的方式：</strong></p>\r\n<p>Email：XXXX@XX.com</p>\r\n<p>管理员：XXXXXX</p>', 255, 1, 1240122848),
(3, 'cert_material', '什么是实体店铺认证', 3, 0, '', '<p><strong>什么是实体店铺认证？</strong></p>\r\n<p>&ldquo;认证店铺&rdquo;服务是一项对店主身份真实性识别服务。店主可以通过站内PM、电话或管理员EMail的方式 联系并申请该项认证。经过管理员审核确认了店主的真实身份，就可以开通该项认证。</p>\r\n<p>通过该认证，可以说明店主身份的真实有效性，为买家在网络交易的过程中提供一定的信心和保证。</p>\r\n<p><strong>认证申请的方式：</strong></p>\r\n<p>Email：XXXX@XX.com</p>\r\n<p>管理员：XXXXXX</p>', 255, 1, 1240122848),
(4, 'setup_store', '开店协议', 3, 0, '', '<p>使用本公司服务所须遵守的条款和条件。<br /><br />1.用户资格<br />本公司的服务仅向适用法律下能够签订具有法律约束力的合同的个人提供并仅由其使用。在不限制前述规定的前提下，本公司的服务不向18周岁以下或被临时或无限期中止的用户提供。如您不合资格，请勿使用本公司的服务。此外，您的帐户（包括信用评价）和用户名不得向其他方转让或出售。另外，本公司保留根据其意愿中止或终止您的帐户的权利。<br /><br />2.您的资料（包括但不限于所添加的任何商品）不得：<br />*具有欺诈性、虚假、不准确或具误导性；<br />*侵犯任何第三方著作权、专利权、商标权、商业秘密或其他专有权利或发表权或隐私权；<br />*违反任何适用的法律或法规（包括但不限于有关出口管制、消费者保护、不正当竞争、刑法、反歧视或贸易惯例/公平贸易法律的法律或法规）；<br />*有侮辱或者诽谤他人，侵害他人合法权益的内容；<br />*有淫秽、色情、赌博、暴力、凶杀、恐怖或者教唆犯罪的内容；<br />*包含可能破坏、改变、删除、不利影响、秘密截取、未经授权而接触或征用任何系统、数据或个人资料的任何病毒、特洛依木马、蠕虫、定时炸弹、删除蝇、复活节彩蛋、间谍软件或其他电脑程序；<br /><br />3.违约<br />如发生以下情形，本公司可能限制您的活动、立即删除您的商品、向本公司社区发出有关您的行为的警告、发出警告通知、暂时中止、无限期地中止或终止您的用户资格及拒绝向您提供服务：<br />(a)您违反本协议或纳入本协议的文件；<br />(b)本公司无法核证或验证您向本公司提供的任何资料；<br />(c)本公司相信您的行为可能对您、本公司用户或本公司造成损失或法律责任。<br /><br />4.责任限制<br />本公司、本公司的关联公司和相关实体或本公司的供应商在任何情况下均不就因本公司的网站、本公司的服务或本协议而产生或与之有关的利润损失或任何特别、间接或后果性的损害（无论以何种方式产生，包括疏忽）承担任何责任。您同意您就您自身行为之合法性单独承担责任。您同意，本公司和本公司的所有关联公司和相关实体对本公司用户的行为的合法性及产生的任何结果不承担责任。<br /><br />5.无代理关系<br />用户和本公司是独立的合同方，本协议无意建立也没有创立任何代理、合伙、合营、雇员与雇主或特许经营关系。本公司也不对任何用户及其网上交易行为做出明示或默许的推荐、承诺或担保。<br /><br />6.一般规定<br />本协议在所有方面均受中华人民共和国法律管辖。本协议的规定是可分割的，如本协议任何规定被裁定为无效或不可执行，该规定可被删除而其余条款应予以执行。</p>', 255, 1, 1240122848),
(5, 'msn_privacy', 'MSN在线通隐私策略', 3, 0, '', '<p>Msn在线通隐私策略旨在说明您在本网站使用Msn在线通功能时我们如何保护您的Msn帐号信息。<br /> 我们认为隐私权非常重要。我们希望此隐私保护中心有助于您在本网站更好使用Msn在线通<br /> <strong>我们收集的信息</strong></p><blockquote>* 您在本网站激活Msn在线通时,程序将会记录您的Msn在线通帐号</blockquote><p><br /> <strong>您的选择</strong></p><blockquote>* 您可以在本网站随时注销您的Msn在线通帐号</blockquote><p><br /> <strong>其他隐私声明</strong></p><blockquote>* 如果我们需要改变本网站Msn在线通的隐私策略, 我们会把相关的改动在此页面发布.</blockquote>', 255, 1, 1240122848),
(6, '', '怎么购物', 4, 0, '', '<p>怎么购物内容</p>', 255, 1, 1403733977),
(7, '', '积分说明', 4, 0, '', '<p>积分说明内容</p>', 255, 1, 1403733991),
(8, '', '如何维权', 4, 0, '', '<p>如何维权内容</p>', 255, 1, 1403734008),
(9, '', '优惠券使用', 4, 0, '', '<p>优惠券使用内容</p>', 255, 1, 1403734025),
(10, '', '付款方式', 5, 0, '', '<p>付款方式内容</p>', 255, 1, 1403734047),
(11, '', '发票说明', 5, 0, '', '<p>发票说明内容</p>', 255, 1, 1403734068),
(12, '', '货到付款', 5, 0, '', '<p>货到付款内容</p>', 255, 1, 1403734088),
(13, '', '在线支付', 5, 0, '', '<p>在线支付内容</p>', 255, 1, 1403734102),
(14, '', '服务承诺', 6, 0, '', '<p>服务承诺内容</p>', 255, 1, 1403734136),
(15, '', '配送说明', 6, 0, '', '<p>配送说明内容</p>', 255, 1, 1403734172),
(16, '', '售后上门', 6, 0, '', '<p>售后上门内容</p>', 255, 1, 1403734196),
(17, '', '买差赔付', 6, 0, '', '<p>买差赔付内容</p>', 255, 1, 1403734223),
(18, '', '退换货说明', 7, 0, '', '<p>退换货说明内容</p>', 255, 1, 1403734264),
(19, '', '退款政策', 7, 0, '', '<p>退款政策内容</p>', 255, 1, 1403734296),
(20, '', '退换货流程', 7, 0, '', '<p>退换货流程内容</p>', 255, 1, 1403734346),
(21, '', '服务评论规则', 7, 0, '', '<p>服务评论规则内容</p>', 255, 1, 1403734380),
(22, '', '会员卡购买', 8, 0, '', '<p>会员卡购买内容</p>', 255, 1, 1403734416),
(23, '', '商家服务说明', 9, 0, '', '<p>商家服务说明内容</p>', 255, 1, 1403734442),
(24, '', '我要开店', 9, 0, 'http://vmall.vchuang.cn/index.php?app=apply', '', 255, 1, 1403734666),
(25, '', '商家后台', 9, 0, 'http://vmall.vchuang.cn/index.php?app=member&act=login', '', 255, 1, 1403734769);

-- --------------------------------------------------------

--
-- 表的结构 `ecm_attribute`
--

CREATE TABLE IF NOT EXISTS `ecm_attribute` (
  `attr_id` int(10) unsigned NOT NULL AUTO_INCREMENT,
  `attr_name` varchar(60) NOT NULL DEFAULT '',
  `input_mode` varchar(10) NOT NULL DEFAULT 'text',
  `def_value` varchar(255) DEFAULT NULL,
  PRIMARY KEY (`attr_id`)
) ENGINE=MyISAM DEFAULT CHARSET=utf8 AUTO_INCREMENT=1 ;

-- --------------------------------------------------------

--
-- 表的结构 `ecm_brand`
--

CREATE TABLE IF NOT EXISTS `ecm_brand` (
  `brand_id` int(10) unsigned NOT NULL AUTO_INCREMENT,
  `brand_name` varchar(100) NOT NULL DEFAULT '',
  `brand_logo` varchar(255) DEFAULT NULL,
  `sort_order` tinyint(3) unsigned NOT NULL DEFAULT '255',
  `recommended` tinyint(3) unsigned NOT NULL DEFAULT '0',
  `store_id` int(10) unsigned NOT NULL DEFAULT '0',
  `if_show` tinyint(2) unsigned NOT NULL DEFAULT '1',
  `tag` varchar(100) NOT NULL DEFAULT '',
  PRIMARY KEY (`brand_id`),
  KEY `tag` (`tag`)
) ENGINE=MyISAM DEFAULT CHARSET=utf8 AUTO_INCREMENT=1 ;

-- --------------------------------------------------------

--
-- 表的结构 `ecm_cart`
--

CREATE TABLE IF NOT EXISTS `ecm_cart` (
  `rec_id` int(10) unsigned NOT NULL AUTO_INCREMENT,
  `user_id` int(10) unsigned NOT NULL DEFAULT '0',
  `session_id` varchar(32) NOT NULL DEFAULT '',
  `store_id` int(10) unsigned NOT NULL DEFAULT '0',
  `goods_id` int(10) unsigned NOT NULL DEFAULT '0',
  `goods_name` varchar(255) NOT NULL DEFAULT '',
  `spec_id` int(10) unsigned NOT NULL DEFAULT '0',
  `specification` varchar(255) DEFAULT NULL,
  `price` decimal(10,2) unsigned NOT NULL DEFAULT '0.00',
  `quantity` int(10) unsigned NOT NULL DEFAULT '1',
  `goods_image` varchar(255) DEFAULT NULL,
  PRIMARY KEY (`rec_id`),
  KEY `session_id` (`session_id`),
  KEY `user_id` (`user_id`)
) ENGINE=MyISAM DEFAULT CHARSET=utf8 AUTO_INCREMENT=1 ;

-- --------------------------------------------------------

--
-- 表的结构 `ecm_category_goods`
--

CREATE TABLE IF NOT EXISTS `ecm_category_goods` (
  `cate_id` int(10) unsigned NOT NULL DEFAULT '0',
  `goods_id` int(10) unsigned NOT NULL DEFAULT '0',
  PRIMARY KEY (`cate_id`,`goods_id`),
  KEY `goods_id` (`goods_id`)
) ENGINE=MyISAM DEFAULT CHARSET=utf8;

--
-- 转存表中的数据 `ecm_category_goods`
--

INSERT INTO `ecm_category_goods` (`cate_id`, `goods_id`) VALUES
(448, 1),
(448, 2),
(448, 3),
(448, 4),
(448, 5),
(448, 6),
(448, 7),
(448, 8),
(448, 9),
(448, 10),
(448, 12),
(448, 13),
(448, 14),
(448, 15),
(448, 99),
(449, 16),
(449, 19),
(449, 20),
(449, 21),
(449, 22),
(449, 23),
(449, 24),
(449, 25),
(450, 30),
(450, 31),
(450, 34),
(450, 35),
(450, 36),
(450, 37),
(451, 28),
(451, 29),
(451, 40),
(451, 42),
(451, 43),
(451, 44),
(451, 45),
(451, 46),
(451, 47),
(451, 48),
(451, 49),
(453, 50),
(453, 51),
(453, 52),
(453, 53),
(453, 54),
(453, 55),
(453, 56),
(453, 57),
(453, 59),
(454, 58),
(454, 60),
(454, 61),
(454, 62),
(454, 63),
(454, 64),
(454, 65),
(454, 66),
(454, 67),
(454, 68),
(454, 69),
(456, 81),
(456, 82),
(456, 83),
(456, 85),
(456, 86),
(456, 87),
(456, 88),
(456, 89),
(456, 90),
(456, 93),
(457, 70),
(457, 71),
(457, 72),
(457, 73),
(457, 75),
(457, 76),
(457, 77),
(457, 80),
(459, 91),
(459, 92),
(459, 94),
(459, 95),
(459, 96),
(459, 97),
(459, 98);

-- --------------------------------------------------------

--
-- 表的结构 `ecm_category_store`
--

CREATE TABLE IF NOT EXISTS `ecm_category_store` (
  `cate_id` int(10) unsigned NOT NULL DEFAULT '0',
  `store_id` int(10) unsigned NOT NULL DEFAULT '0',
  PRIMARY KEY (`cate_id`,`store_id`),
  KEY `store_id` (`store_id`)
) ENGINE=MyISAM DEFAULT CHARSET=utf8;

-- --------------------------------------------------------

--
-- 表的结构 `ecm_cate_pvs`
--

CREATE TABLE IF NOT EXISTS `ecm_cate_pvs` (
  `cate_id` int(11) NOT NULL,
  `pvs` text NOT NULL
) ENGINE=MyISAM DEFAULT CHARSET=utf8;

--
-- 转存表中的数据 `ecm_cate_pvs`
--

INSERT INTO `ecm_cate_pvs` (`cate_id`, `pvs`) VALUES
(19, '1:1;1:6;2:2;2:7;2:8;2:9;3:3;3:10;4:4;4:11;5:5;5:12;5:13;5:14'),
(20, '1:1;1:6;2:2;2:7;2:8;2:9;3:3;3:10;4:4;4:11;5:5;5:12;5:13;5:14'),
(97, '1:1;1:6;2:2;2:7;2:8;2:9;3:3;3:10;4:4;4:11;5:5;5:12;5:13;5:14');

-- --------------------------------------------------------

--
-- 表的结构 `ecm_collect`
--

CREATE TABLE IF NOT EXISTS `ecm_collect` (
  `user_id` int(10) unsigned NOT NULL DEFAULT '0',
  `type` varchar(10) NOT NULL DEFAULT 'goods',
  `item_id` int(10) unsigned NOT NULL DEFAULT '0',
  `keyword` varchar(60) DEFAULT NULL,
  `add_time` int(10) unsigned DEFAULT NULL,
  PRIMARY KEY (`user_id`,`type`,`item_id`)
) ENGINE=MyISAM DEFAULT CHARSET=utf8;

-- --------------------------------------------------------

--
-- 表的结构 `ecm_coupon`
--

CREATE TABLE IF NOT EXISTS `ecm_coupon` (
  `coupon_id` int(10) unsigned NOT NULL AUTO_INCREMENT,
  `store_id` int(10) unsigned NOT NULL DEFAULT '0',
  `coupon_name` varchar(100) NOT NULL DEFAULT '',
  `coupon_value` decimal(10,2) unsigned NOT NULL DEFAULT '0.00',
  `use_times` int(10) unsigned NOT NULL DEFAULT '0',
  `start_time` int(10) unsigned NOT NULL DEFAULT '0',
  `end_time` int(10) unsigned NOT NULL DEFAULT '0',
  `min_amount` decimal(10,2) unsigned NOT NULL DEFAULT '0.00',
  `if_issue` tinyint(3) unsigned NOT NULL DEFAULT '0',
  PRIMARY KEY (`coupon_id`),
  KEY `store_id` (`store_id`)
) ENGINE=MyISAM DEFAULT CHARSET=utf8 AUTO_INCREMENT=1 ;

-- --------------------------------------------------------

--
-- 表的结构 `ecm_coupon_sn`
--

CREATE TABLE IF NOT EXISTS `ecm_coupon_sn` (
  `coupon_sn` varchar(20) NOT NULL,
  `coupon_id` int(10) unsigned NOT NULL DEFAULT '0',
  `remain_times` int(10) NOT NULL DEFAULT '-1',
  PRIMARY KEY (`coupon_sn`),
  KEY `coupon_id` (`coupon_id`)
) ENGINE=MyISAM DEFAULT CHARSET=utf8;

-- --------------------------------------------------------

--
-- 表的结构 `ecm_friend`
--

CREATE TABLE IF NOT EXISTS `ecm_friend` (
  `owner_id` int(10) unsigned NOT NULL DEFAULT '0',
  `friend_id` int(10) unsigned NOT NULL DEFAULT '0',
  `add_time` varchar(10) NOT NULL DEFAULT '',
  PRIMARY KEY (`owner_id`,`friend_id`)
) ENGINE=MyISAM DEFAULT CHARSET=utf8;

-- --------------------------------------------------------

--
-- 表的结构 `ecm_function`
--

CREATE TABLE IF NOT EXISTS `ecm_function` (
  `func_code` varchar(20) NOT NULL DEFAULT '',
  `func_name` varchar(60) NOT NULL DEFAULT '',
  `privileges` varchar(255) NOT NULL DEFAULT '',
  PRIMARY KEY (`func_code`)
) ENGINE=MyISAM DEFAULT CHARSET=utf8;

-- --------------------------------------------------------

--
-- 表的结构 `ecm_gcategory`
--

CREATE TABLE IF NOT EXISTS `ecm_gcategory` (
  `cate_id` int(10) unsigned NOT NULL AUTO_INCREMENT,
  `store_id` int(10) unsigned NOT NULL DEFAULT '0',
  `cate_name` varchar(100) NOT NULL DEFAULT '',
  `parent_id` int(10) unsigned NOT NULL DEFAULT '0',
  `sort_order` tinyint(3) unsigned NOT NULL DEFAULT '255',
  `if_show` tinyint(3) unsigned NOT NULL DEFAULT '1',
  PRIMARY KEY (`cate_id`),
  KEY `store_id` (`store_id`,`parent_id`)
) ENGINE=MyISAM  DEFAULT CHARSET=utf8 AUTO_INCREMENT=460 ;

--
-- 转存表中的数据 `ecm_gcategory`
--

INSERT INTO `ecm_gcategory` (`cate_id`, `store_id`, `cate_name`, `parent_id`, `sort_order`, `if_show`) VALUES
(1, 0, '网上菜场、果蔬生鲜', 0, 255, 1),
(2, 0, '休闲食品、酒水饮料', 0, 255, 1),
(3, 0, '进口食品、进口乳品', 0, 255, 1),
(4, 0, '粮油干货、厨房调料', 0, 255, 1),
(5, 0, '美容化妆、个人护理', 0, 255, 1),
(6, 0, '母婴用品、 玩具', 0, 255, 1),
(7, 0, '厨房、清洁、卫浴用品', 0, 255, 1),
(8, 0, '家居生活、汽车用品', 0, 255, 1),
(9, 0, '大家电、生活电器', 0, 255, 1),
(10, 0, '服饰箱包鞋靴、 运动', 0, 255, 1),
(11, 0, '钟表、 礼品、 图书报刊', 0, 255, 1),
(12, 0, '电脑办公、 手机数码', 0, 255, 1),
(13, 0, '微店铺、乐生活', 0, 255, 1),
(14, 0, '水果', 1, 255, 1),
(15, 0, '蔬菜', 1, 255, 1),
(16, 0, '肉类', 1, 255, 1),
(17, 0, '面豆制品', 1, 255, 1),
(18, 0, '南北干货', 1, 255, 1),
(19, 0, '苹果', 14, 255, 1),
(20, 0, '葡萄', 14, 255, 1),
(21, 0, '红提', 14, 255, 1),
(22, 0, '柚子', 14, 255, 1),
(23, 0, '西瓜', 14, 255, 1),
(24, 0, '甜瓜', 14, 255, 1),
(25, 0, '芒果', 14, 255, 1),
(26, 0, '橙梨', 14, 255, 1),
(27, 0, '柠檬', 14, 255, 1),
(28, 0, '桃子', 14, 255, 1),
(29, 0, '石榴', 14, 255, 1),
(30, 0, '蓝莓', 14, 255, 1),
(31, 0, '木瓜', 14, 255, 1),
(32, 0, '哈密瓜', 14, 255, 1),
(33, 0, '火龙果', 14, 255, 1),
(34, 0, '车厘子', 14, 255, 1),
(35, 0, '黑布林', 14, 255, 1),
(36, 0, '猕猴桃', 14, 255, 1),
(37, 0, '美食净菜', 15, 255, 1),
(38, 0, '葱姜蒜', 15, 255, 1),
(39, 0, '菌菇类', 15, 255, 1),
(40, 0, '有机类', 15, 255, 1),
(41, 0, '瓜果类', 15, 255, 1),
(42, 0, '叶菜', 15, 255, 1),
(43, 0, '根类', 15, 255, 1),
(44, 0, '豆类', 15, 255, 1),
(45, 0, '茎类', 15, 255, 1),
(46, 0, '牛肉', 16, 255, 1),
(47, 0, '猪肉', 16, 255, 1),
(48, 0, '鸡肉', 16, 255, 1),
(49, 0, '鸭肉', 16, 255, 1),
(50, 0, '生鲜豆品', 17, 255, 1),
(51, 0, '熟食豆品', 17, 255, 1),
(52, 0, '淀粉制品', 17, 255, 1),
(53, 0, '香菇', 18, 255, 1),
(54, 0, '枸杞', 18, 255, 1),
(55, 0, '桂圆', 18, 255, 1),
(56, 0, '莲子', 18, 255, 1),
(57, 0, '木耳', 18, 255, 1),
(58, 0, '银耳', 18, 255, 1),
(59, 0, '黄花菜', 18, 255, 1),
(60, 0, '百合干', 18, 255, 1),
(61, 0, '休闲零食', 2, 255, 1),
(62, 0, '饼干糕点', 2, 255, 1),
(63, 0, '牛奶乳品', 2, 255, 1),
(64, 0, '酒类商城', 2, 255, 1),
(65, 0, '糖/巧克力', 2, 255, 1),
(66, 0, '饮料饮品', 2, 255, 1),
(67, 0, '冲调饮品', 2, 255, 1),
(68, 0, '坚果', 61, 255, 1),
(69, 0, '鱼干/海味即食', 61, 255, 1),
(70, 0, '薯片', 61, 255, 1),
(71, 0, '枣类', 61, 255, 1),
(72, 0, '炒货', 61, 255, 1),
(73, 0, '禽类', 61, 255, 1),
(74, 0, '葡萄干', 61, 255, 1),
(75, 0, '蜜饯', 61, 255, 1),
(76, 0, '小食', 61, 255, 1),
(77, 0, '肉干肉脯/豆干/熟食', 61, 255, 1),
(78, 0, '新疆红枣', 61, 255, 1),
(79, 0, '膨化', 61, 255, 1),
(80, 0, '果冻/布丁', 61, 255, 1),
(81, 0, '海苔', 61, 255, 1),
(82, 0, '饼干', 62, 255, 1),
(83, 0, '蛋糕', 62, 255, 1),
(84, 0, '传统糕点', 62, 255, 1),
(85, 0, '月饼', 62, 255, 1),
(86, 0, '西式糕点', 62, 255, 1),
(87, 0, '其它小点心', 62, 255, 1),
(88, 0, '风味奶', 63, 255, 1),
(89, 0, '纯牛奶', 63, 255, 1),
(90, 0, '酸奶', 63, 255, 1),
(91, 0, '儿童奶', 63, 255, 1),
(92, 0, '啤酒', 64, 255, 1),
(93, 0, '进口啤酒', 64, 255, 1),
(94, 0, '进口葡萄酒', 64, 255, 1),
(95, 0, '白酒', 64, 255, 1),
(96, 0, '黄酒', 64, 255, 1),
(97, 0, '葡萄酒/红酒', 64, 255, 1),
(98, 0, '滋补酒', 64, 255, 1),
(99, 0, '果酒', 64, 255, 1),
(100, 0, '巧克力', 65, 255, 1),
(101, 0, '糖果', 65, 255, 1),
(102, 0, '口香糖', 65, 255, 1),
(103, 0, '功能饮料', 66, 255, 1),
(104, 0, '碳酸饮料', 66, 255, 1),
(105, 0, '果汁/蔬菜汁', 66, 255, 1),
(106, 0, '茶饮料', 66, 255, 1),
(107, 0, '水', 66, 255, 1),
(108, 0, '果味饮料', 66, 255, 1),
(109, 0, '咖啡饮料', 66, 255, 1),
(110, 0, '乳品', 66, 255, 1),
(111, 0, '茶叶', 67, 255, 1),
(112, 0, '咖啡', 67, 255, 1),
(113, 0, '奶茶', 67, 255, 1),
(114, 0, '奶粉', 67, 255, 1),
(115, 0, '藕粉', 67, 255, 1),
(116, 0, '冲饮麦片', 67, 255, 1),
(117, 0, '芝麻糊', 67, 255, 1),
(118, 0, '冲饮果汁', 67, 255, 1),
(119, 0, '豆奶', 67, 255, 1),
(120, 0, '姜汤', 67, 255, 1),
(121, 0, '蜂蜜', 67, 255, 1),
(122, 0, '咖啡伴侣', 67, 255, 1),
(123, 0, '其它冲饮品', 67, 255, 1),
(124, 0, '进口零食', 3, 255, 1),
(125, 0, '饼干糕点', 3, 255, 1),
(126, 0, '糖巧克力', 3, 255, 1),
(127, 0, '牛奶乳品', 3, 255, 1),
(128, 0, '水及饮料', 3, 255, 1),
(129, 0, '进口冲饮', 3, 255, 1),
(130, 0, '进口米面', 3, 255, 1),
(131, 0, '果干坚果', 3, 255, 1),
(132, 0, '进口膨化/薯片', 124, 255, 1),
(133, 0, '进口海产品', 124, 255, 1),
(134, 0, '进口果冻/布丁', 124, 255, 1),
(135, 0, '进口话梅', 124, 255, 1),
(136, 0, '进口肉制品', 124, 255, 1),
(137, 0, '进口山楂类', 124, 255, 1),
(138, 0, '进口凉果/蜜饯', 124, 255, 1),
(139, 0, '进口饼干', 125, 255, 1),
(140, 0, '进口曲奇', 125, 255, 1),
(141, 0, '进口威化', 125, 255, 1),
(142, 0, '进口糕点', 125, 255, 1),
(143, 0, '进口糖果', 126, 255, 1),
(144, 0, '进口巧克力', 126, 255, 1),
(145, 0, '粮油米面', 4, 255, 1),
(146, 0, '调味果酱', 4, 255, 1),
(147, 0, '水果蔬菜生鲜', 4, 255, 1),
(148, 0, '方便速食', 4, 255, 1),
(149, 0, '冷冻食品', 4, 255, 1),
(150, 0, '杂粮', 145, 255, 1),
(151, 0, '国产大米', 145, 255, 1),
(152, 0, '面粉/食用粉', 145, 255, 1),
(153, 0, '豆类', 145, 255, 1),
(154, 0, '玉米', 145, 255, 1),
(155, 0, '黑米', 145, 255, 1),
(156, 0, '糯米', 145, 255, 1),
(157, 0, '糙米', 145, 255, 1),
(158, 0, '食用油', 145, 255, 1),
(159, 0, '粉丝', 145, 255, 1),
(160, 0, '面条/挂面', 145, 255, 1),
(161, 0, '面部护理', 5, 255, 1),
(162, 0, '男士护理', 5, 255, 1),
(163, 0, '魅力香氛', 5, 255, 1),
(164, 0, '女性护理', 5, 255, 1),
(165, 0, '成人用品', 5, 255, 1),
(166, 0, '彩妆个护', 5, 255, 1),
(167, 0, '口腔护理', 5, 255, 1),
(168, 0, '洗发护发', 5, 255, 1),
(169, 0, '身体护理', 5, 255, 1),
(170, 0, '乳液', 161, 255, 1),
(171, 0, '面霜', 161, 255, 1),
(172, 0, '精华', 161, 255, 1),
(173, 0, '防晒', 161, 255, 1),
(174, 0, '眼膜', 161, 255, 1),
(175, 0, '眼霜/眼部精华', 161, 255, 1),
(176, 0, '唇部护理', 161, 255, 1),
(177, 0, '面膜', 161, 255, 1),
(178, 0, '护肤套装', 161, 255, 1),
(179, 0, '卸妆', 161, 255, 1),
(180, 0, '洁面', 161, 255, 1),
(181, 0, '去角质', 161, 255, 1),
(182, 0, '哺育用品', 6, 255, 1),
(183, 0, '妈妈专区', 6, 255, 1),
(184, 0, '奶粉', 6, 255, 1),
(185, 0, '纸尿裤/湿巾', 6, 255, 1),
(186, 0, '婴儿辅食', 6, 255, 1),
(187, 0, '孕婴营养品', 6, 255, 1),
(188, 0, '玩具', 6, 255, 1),
(189, 0, '洗护用品', 6, 255, 1),
(190, 0, '童车童床', 6, 255, 1),
(191, 0, '服饰寝具', 6, 255, 1),
(192, 0, '奶瓶', 182, 255, 1),
(193, 0, '奶嘴', 182, 255, 1),
(194, 0, '吸奶器', 182, 255, 1),
(195, 0, '暖奶/消毒餐具', 182, 255, 1),
(196, 0, '水具', 182, 255, 1),
(197, 0, '牙胶/安抚辅助用品', 182, 255, 1),
(198, 0, '家纺日用', 8, 255, 1),
(199, 0, '居家日用', 8, 255, 1),
(200, 0, '宠物用品', 8, 255, 1),
(201, 0, '家具灯具', 8, 255, 1),
(202, 0, '汽车用品', 8, 255, 1),
(203, 0, '家装建材', 8, 255, 1),
(204, 0, '园艺用品', 8, 255, 1),
(205, 0, '床品件套', 198, 255, 1),
(206, 0, '枕芯枕套', 198, 255, 1),
(207, 0, '被子', 198, 255, 1),
(208, 0, '床单被罩', 198, 255, 1),
(209, 0, '毛毯/被', 198, 255, 1),
(210, 0, '抱枕坐垫', 198, 255, 1),
(211, 0, '蚊帐/凉席', 198, 255, 1),
(212, 0, '毛巾家纺', 198, 255, 1),
(213, 0, '床垫/床褥', 198, 255, 1),
(214, 0, '大家电', 9, 255, 1),
(215, 0, '厨房电器', 9, 255, 1),
(216, 0, '生活电器', 9, 255, 1),
(217, 0, '影音电器', 9, 255, 1),
(218, 0, '个护健康', 9, 255, 1),
(219, 0, '冰箱', 214, 255, 1),
(220, 0, '空调', 214, 255, 1),
(221, 0, '洗衣机', 214, 255, 1),
(222, 0, '电视机', 214, 255, 1),
(223, 0, '女装精品', 10, 255, 1),
(224, 0, '男装精品', 10, 255, 1),
(225, 0, '内衣服饰', 10, 255, 1),
(226, 0, '户外鞋服', 10, 255, 1),
(227, 0, '户外装备', 10, 255, 1),
(228, 0, '体育娱乐', 10, 255, 1),
(229, 0, '健身运动', 10, 255, 1),
(230, 0, '饰品配件', 10, 255, 1),
(231, 0, '童装', 10, 255, 1),
(232, 0, '鞋子', 10, 255, 1),
(233, 0, '箱包', 10, 255, 1),
(234, 0, '皮草/皮衣', 223, 255, 1),
(235, 0, '羽绒服', 223, 255, 1),
(236, 0, '羊毛/羊绒', 223, 255, 1),
(237, 0, '棉衣/棉服', 223, 255, 1),
(238, 0, '呢大衣', 223, 255, 1),
(239, 0, '连衣裙', 223, 255, 1),
(240, 0, 'T恤', 223, 255, 1),
(241, 0, '衬衫', 223, 255, 1),
(242, 0, '裤子', 223, 255, 1),
(243, 0, '半身裙', 223, 255, 1),
(244, 0, '马夹', 223, 255, 1),
(245, 0, '蕾丝衫/雪纺衫', 223, 255, 1),
(246, 0, '针织衫/毛衣', 223, 255, 1),
(247, 0, '外套', 223, 255, 1),
(248, 0, '西装', 223, 255, 1),
(249, 0, '卫衣/绒衫', 223, 255, 1),
(250, 0, '风衣', 223, 255, 1),
(251, 0, '皮衣/皮草', 224, 255, 1),
(252, 0, '羽绒服', 224, 255, 1),
(253, 0, '棉衣', 224, 255, 1),
(254, 0, '毛衫/羊绒', 224, 255, 1),
(255, 0, '夹克', 224, 255, 1),
(256, 0, 'T恤', 224, 255, 1),
(257, 0, '卫衣', 224, 255, 1),
(258, 0, '衬衫', 224, 255, 1),
(259, 0, '长裤', 224, 255, 1),
(260, 0, '短裤/中裤', 224, 255, 1),
(261, 0, '风衣', 224, 255, 1),
(262, 0, '西服', 224, 255, 1),
(263, 0, '图书', 11, 255, 1),
(264, 0, '杂志', 11, 255, 1),
(265, 0, '钟表', 11, 255, 1),
(266, 0, '翡翠玉石', 11, 255, 1),
(267, 0, '时尚饰品', 11, 255, 1),
(268, 0, '保健滋补', 11, 255, 1),
(269, 0, '特色礼品', 11, 255, 1),
(270, 0, '珍珠/水晶', 11, 255, 1),
(271, 0, '金/银/钻饰', 11, 255, 1),
(272, 0, '金镶玉', 266, 255, 1),
(273, 0, '和田玉', 266, 255, 1),
(274, 0, '翡翠', 266, 255, 1),
(275, 0, '彩色宝石', 266, 255, 1),
(276, 0, '琥珀', 266, 255, 1),
(277, 0, '其他玉石', 266, 255, 1),
(278, 0, '手机通讯', 12, 255, 1),
(279, 0, '手机配件', 12, 255, 1),
(280, 0, '数码影音', 12, 255, 1),
(281, 0, '数码配件', 12, 255, 1),
(282, 0, '电脑配件', 12, 255, 1),
(283, 0, '电脑整机', 12, 255, 1),
(284, 0, '办公设备', 12, 255, 1),
(285, 0, '学习用品', 12, 255, 1),
(286, 0, '网络产品', 12, 255, 1),
(287, 0, '办公用品', 12, 255, 1),
(288, 0, '手机', 278, 255, 1),
(289, 0, '对讲机', 278, 255, 1),
(290, 0, '舌尖上的美食', 13, 255, 1),
(291, 0, '我的个性我做主', 13, 255, 1),
(292, 0, '今天我要嫁给你', 13, 255, 1),
(293, 0, '小情调，乐生活', 13, 255, 1),
(294, 0, '休闲零食', 290, 255, 1),
(295, 0, '特产美食', 290, 255, 1),
(296, 0, '其他', 290, 255, 1),
(297, 0, '蛋糕', 290, 255, 1),
(298, 0, '甜品小食', 290, 255, 1),
(299, 0, '饮品', 290, 255, 1),
(300, 0, '手工饼干', 290, 255, 1),
(301, 0, '婚礼用品', 292, 255, 1),
(302, 0, '首饰', 292, 255, 1),
(303, 0, '化妆工具', 291, 255, 1),
(304, 0, '特色服务', 291, 255, 1),
(305, 0, '手工DIY', 291, 255, 1),
(306, 0, '应季配饰', 291, 255, 1),
(307, 0, '流行小饰品', 291, 255, 1),
(308, 0, '鲜花绿植', 293, 255, 1),
(309, 0, '特色服装', 293, 255, 1),
(310, 0, '家居饰品', 293, 255, 1),
(311, 0, '风味奶', 127, 255, 1),
(312, 0, '纯牛奶', 127, 255, 1),
(313, 0, '酸奶', 127, 255, 1),
(314, 0, '儿童奶', 127, 255, 1),
(315, 0, '进口果汁饮料', 128, 255, 1),
(316, 0, '进口咖啡', 129, 255, 1),
(317, 0, '进口茶叶', 129, 255, 1),
(318, 0, '进口蜂蜜', 129, 255, 1),
(319, 0, '进口奶茶/柚子茶', 129, 255, 1),
(320, 0, '进口麦片', 129, 255, 1),
(321, 0, '进口速食', 130, 255, 1),
(322, 0, '进口调味品', 130, 255, 1),
(323, 0, '进口油', 130, 255, 1),
(324, 0, '进口果干', 131, 255, 1),
(325, 0, '进口坚果', 131, 255, 1),
(326, 0, '酱油', 146, 255, 1),
(327, 0, '食糖', 146, 255, 1),
(328, 0, '鸡精/味精', 146, 255, 1),
(329, 0, '盐', 146, 255, 1),
(330, 0, '醋制品', 146, 255, 1),
(331, 0, '腌制酱菜', 146, 255, 1),
(332, 0, '调味料', 146, 255, 1),
(333, 0, '腐乳', 146, 255, 1),
(334, 0, '调味酱', 146, 255, 1),
(335, 0, '料酒', 146, 255, 1),
(336, 0, '调味油', 146, 255, 1),
(337, 0, '果酱', 146, 255, 1),
(338, 0, '其它调味品', 146, 255, 1),
(339, 0, '烘焙原料/辅料', 146, 255, 1),
(340, 0, '香水', 163, 255, 1),
(341, 0, '精油芳疗', 163, 255, 1),
(342, 0, '香体走珠', 163, 255, 1),
(343, 0, '避孕套', 165, 255, 1),
(344, 0, '润滑剂', 165, 255, 1),
(345, 0, '成人卫生垫', 165, 255, 1),
(346, 0, '牙膏', 167, 255, 1),
(347, 0, '牙刷', 167, 255, 1),
(348, 0, '漱口水', 167, 255, 1),
(349, 0, '洗浴用品', 169, 255, 1),
(350, 0, '手足护理', 169, 255, 1),
(351, 0, '身体乳', 169, 255, 1),
(352, 0, '美体塑身', 169, 255, 1),
(353, 0, '1段奶粉', 184, 255, 1),
(354, 0, '2段奶粉', 184, 255, 1),
(355, 0, '3段奶粉', 184, 255, 1),
(356, 0, '4段奶粉', 184, 255, 1),
(357, 0, '5段奶粉', 184, 255, 1),
(358, 0, '米粉/米糊/汤粥', 186, 255, 1),
(359, 0, '面食类', 186, 255, 1),
(360, 0, '饼干/磨牙棒', 186, 255, 1),
(361, 0, '肉松/鱼松', 186, 255, 1),
(362, 0, '婴幼儿降火食品', 186, 255, 1),
(363, 0, '宝宝护肤', 189, 255, 1),
(364, 0, '护理用品', 189, 255, 1),
(365, 0, '洗浴用品', 189, 255, 1),
(366, 0, '清洁用品', 189, 255, 1),
(367, 0, '礼盒套装', 189, 255, 1),
(368, 0, '婴儿服', 191, 255, 1),
(369, 0, '婴儿家纺', 191, 255, 1),
(370, 0, '婴儿鞋袜', 191, 255, 1),
(371, 0, '安全用品', 191, 255, 1),
(372, 0, '床', 201, 255, 1),
(373, 0, '沙发', 201, 255, 1),
(374, 0, '柜类', 201, 255, 1),
(375, 0, '架类', 201, 255, 1),
(376, 0, '桌/椅/凳', 201, 255, 1),
(377, 0, '灯具', 201, 255, 1),
(378, 0, '鲜花', 204, 255, 1),
(379, 0, '盆栽', 204, 255, 1),
(380, 0, '园艺工具', 204, 255, 1),
(381, 0, '音响/音箱', 217, 255, 1),
(382, 0, '影碟机/DVD', 217, 255, 1),
(383, 0, '耳机/耳麦', 217, 255, 1),
(384, 0, '收音机', 217, 255, 1),
(385, 0, '其它影音产品', 217, 255, 1),
(386, 0, '靴子', 232, 255, 1),
(387, 0, '单鞋', 232, 255, 1),
(388, 0, '休闲鞋', 232, 255, 1),
(389, 0, '凉鞋', 232, 255, 1),
(390, 0, '皮鞋', 232, 255, 1),
(391, 0, '太阳眼镜', 230, 255, 1),
(392, 0, '腰带/皮带', 230, 255, 1),
(393, 0, '手套', 230, 255, 1),
(394, 0, '围巾/围脖', 230, 255, 1),
(395, 0, '网球', 228, 255, 1),
(396, 0, '足球', 228, 255, 1),
(397, 0, '排球', 228, 255, 1),
(398, 0, '乒乓球', 228, 255, 1),
(399, 0, '篮球', 228, 255, 1),
(400, 0, '户外服装', 226, 255, 1),
(401, 0, '户外鞋袜', 226, 255, 1),
(402, 0, '户外配饰', 226, 255, 1),
(403, 0, '时尚生活杂志', 264, 255, 1),
(404, 0, '娱乐休闲杂志', 264, 255, 1),
(405, 0, '教育科技杂志', 264, 255, 1),
(406, 0, '商业时政杂志', 264, 255, 1),
(407, 0, '文化艺术杂志', 264, 255, 1),
(408, 0, '美食礼品', 269, 255, 1),
(409, 0, '美酒礼品', 269, 255, 1),
(410, 0, '茗茶礼品', 269, 255, 1),
(411, 0, '摄像机', 280, 255, 1),
(412, 0, 'MP3/MP4/iPod', 280, 255, 1),
(413, 0, '录音笔', 280, 255, 1),
(414, 0, '耳机/耳麦', 280, 255, 1),
(415, 0, '音箱', 280, 255, 1),
(416, 0, '光驱/刻录/DVD', 282, 255, 1),
(417, 0, '机箱', 282, 255, 1),
(418, 0, '电脑包', 282, 255, 1),
(419, 0, '散热器', 282, 255, 1),
(420, 0, '笔记本电脑桌', 282, 255, 1),
(421, 0, '内存', 282, 255, 1),
(422, 0, '硬盘', 282, 255, 1),
(423, 0, '主板', 282, 255, 1),
(424, 0, '显卡', 282, 255, 1),
(425, 0, '电话机', 284, 255, 1),
(426, 0, '传真机', 284, 255, 1),
(427, 0, '打印机', 284, 255, 1),
(428, 0, '一体机', 284, 255, 1),
(429, 0, '复合机', 284, 255, 1),
(430, 0, '碎纸机', 284, 255, 1),
(431, 0, '扫描仪', 284, 255, 1),
(432, 0, '保险柜', 284, 255, 1),
(433, 0, '投影机', 284, 255, 1),
(434, 0, '点钞机', 284, 255, 1),
(435, 0, '墨盒', 284, 255, 1),
(436, 0, '硒鼓/粉盒', 284, 255, 1),
(437, 0, '墨粉/碳粉', 284, 255, 1),
(438, 0, '色带/碳带', 284, 255, 1),
(439, 0, '网络存储', 286, 255, 1),
(440, 0, '网卡', 286, 255, 1),
(441, 0, '路由器', 286, 255, 1),
(442, 0, '交换机', 286, 255, 1),
(443, 0, '其他', 286, 255, 1),
(444, 0, '方便面', 148, 255, 1),
(445, 0, '速食品', 148, 255, 1),
(446, 0, '罐头', 148, 255, 1),
(447, 0, '冷藏即食', 148, 255, 1),
(448, 2, '果蔬', 0, 255, 1),
(449, 2, '酒水', 0, 255, 1),
(450, 2, '食品', 0, 255, 1),
(451, 2, '粮油干货', 0, 255, 1),
(453, 2, '玩具用品', 0, 255, 1),
(454, 2, '生活百货', 0, 255, 1),
(456, 2, '电器', 0, 255, 1),
(457, 2, '服装鞋', 0, 255, 1),
(459, 2, '电脑手机', 0, 255, 1);

-- --------------------------------------------------------

--
-- 表的结构 `ecm_goods`
--

CREATE TABLE IF NOT EXISTS `ecm_goods` (
  `goods_id` int(10) unsigned NOT NULL AUTO_INCREMENT,
  `store_id` int(10) unsigned NOT NULL DEFAULT '0',
  `type` varchar(10) NOT NULL DEFAULT 'material',
  `goods_name` varchar(255) NOT NULL DEFAULT '',
  `description` text,
  `cate_id` int(10) unsigned NOT NULL DEFAULT '0',
  `cate_name` varchar(255) NOT NULL DEFAULT '',
  `brand` varchar(100) NOT NULL,
  `spec_qty` tinyint(4) unsigned NOT NULL DEFAULT '0',
  `spec_name_1` varchar(60) NOT NULL DEFAULT '',
  `spec_name_2` varchar(60) NOT NULL DEFAULT '',
  `if_show` tinyint(3) unsigned NOT NULL DEFAULT '1',
  `closed` tinyint(3) unsigned NOT NULL DEFAULT '0',
  `close_reason` varchar(255) DEFAULT NULL,
  `add_time` int(10) unsigned NOT NULL DEFAULT '0',
  `last_update` int(10) unsigned NOT NULL DEFAULT '0',
  `default_spec` int(11) unsigned NOT NULL DEFAULT '0',
  `default_image` varchar(255) NOT NULL DEFAULT '',
  `recommended` tinyint(4) unsigned NOT NULL DEFAULT '0',
  `cate_id_1` int(10) unsigned NOT NULL DEFAULT '0',
  `cate_id_2` int(10) unsigned NOT NULL DEFAULT '0',
  `cate_id_3` int(10) unsigned NOT NULL DEFAULT '0',
  `cate_id_4` int(10) unsigned NOT NULL DEFAULT '0',
  `price` decimal(10,2) NOT NULL DEFAULT '0.00',
  `tags` varchar(102) NOT NULL,
  PRIMARY KEY (`goods_id`),
  KEY `store_id` (`store_id`),
  KEY `cate_id` (`cate_id`),
  KEY `cate_id_1` (`cate_id_1`),
  KEY `cate_id_2` (`cate_id_2`),
  KEY `cate_id_3` (`cate_id_3`),
  KEY `cate_id_4` (`cate_id_4`),
  KEY `brand` (`brand`(10)),
  KEY `tags` (`tags`)
) ENGINE=MyISAM  DEFAULT CHARSET=utf8 AUTO_INCREMENT=100 ;

--
-- 转存表中的数据 `ecm_goods`
--

INSERT INTO `ecm_goods` (`goods_id`, `store_id`, `type`, `goods_name`, `description`, `cate_id`, `cate_name`, `brand`, `spec_qty`, `spec_name_1`, `spec_name_2`, `if_show`, `closed`, `close_reason`, `add_time`, `last_update`, `default_spec`, `default_image`, `recommended`, `cate_id_1`, `cate_id_2`, `cate_id_3`, `cate_id_4`, `price`, `tags`) VALUES
(1, 2, 'material', '合家欢 新鲜西红柿 酸酸甜甜 凌晨采购 全程冷链', '', 19, '网上菜场、果蔬生鲜	水果	苹果', '', 0, '', '', 1, 0, NULL, 1388033366, 1388033366, 1, 'data/files/store_2/goods_110/small_201312262048304586.jpg', 1, 1, 14, 19, 0, '8.00', ''),
(2, 2, 'material', '袋装水果', '', 19, '网上菜场、果蔬生鲜	水果	苹果', '', 0, '', '', 1, 0, NULL, 1388033524, 1388033524, 2, 'data/files/store_2/goods_198/small_201312262049586818.jpg', 1, 1, 14, 19, 0, '100.00', ''),
(3, 2, 'material', '海泉 野生苹果 新品上架 馈赠佳品 有糖心哦~', '', 19, '网上菜场、果蔬生鲜	水果	苹果', '', 0, '', '', 1, 0, NULL, 1388033588, 1388033588, 3, 'data/files/store_2/goods_148/small_201312262052284448.jpg', 1, 1, 14, 19, 0, '68.00', ''),
(4, 2, 'material', '杰记 新鲜脆甜 高山红苹果', '', 19, '网上菜场、果蔬生鲜	水果	苹果', '', 0, '', '', 1, 0, NULL, 1388033671, 1388033671, 4, 'data/files/store_2/goods_57/small_201312262054174988.jpg', 1, 1, 14, 19, 0, '69.00', ''),
(5, 2, 'material', '杰记 新鲜脆甜 高山红苹果', '', 19, '网上菜场、果蔬生鲜	水果	苹果', '', 0, '', '', 1, 0, NULL, 1388033715, 1388033715, 5, 'data/files/store_2/goods_99/small_201312262054594117.jpg', 1, 1, 14, 19, 0, '10.00', ''),
(6, 2, 'material', '杰记 进口 新鲜 新西兰 爵士 苹果', '', 19, '网上菜场、果蔬生鲜	水果	苹果', '', 0, '', '', 1, 0, NULL, 1388033757, 1388033757, 6, 'data/files/store_2/goods_136/small_201312262055366831.jpg', 1, 1, 14, 19, 0, '32.00', ''),
(7, 2, 'material', '杰记 进口 新鲜 果大味甜 红蛇果', '', 19, '网上菜场、果蔬生鲜	水果	苹果', '', 0, '', '', 1, 0, NULL, 1388033798, 1388033798, 7, 'data/files/store_2/goods_180/small_201312262056209107.jpg', 1, 1, 14, 19, 0, '65.00', ''),
(8, 2, 'material', '杰记美国无籽黑提（清香蜜甜，爽脆无渣）', '', 20, '网上菜场、果蔬生鲜	水果	葡萄', '', 0, '', '', 1, 0, NULL, 1388033867, 1388033867, 8, 'data/files/store_2/goods_63/small_201312262057435880.jpg', 1, 1, 14, 20, 0, '38.80', ''),
(9, 2, 'material', '海泉 进口红提 新鲜配送', '', 21, '网上菜场、果蔬生鲜	水果	红提', '', 0, '', '', 1, 0, NULL, 1388033923, 1388033923, 9, 'data/files/store_2/goods_120/small_201312262058402887.jpg', 1, 1, 14, 21, 0, '50.00', ''),
(10, 2, 'material', '杰记 国产 新鲜 香甜 库尔勒香梨礼盒', '', 26, '网上菜场、果蔬生鲜	水果	橙梨', '', 0, '', '', 1, 0, NULL, 1388034036, 1388034036, 10, 'data/files/store_2/goods_31/small_201312262100319871.jpg', 1, 1, 14, 26, 0, '108.80', ''),
(11, 2, 'material', '海泉 贡梨', '', 26, '网上菜场、果蔬生鲜	水果	橙梨', '', 0, '', '', 1, 0, NULL, 1388034078, 1388034078, 11, 'data/files/store_2/goods_75/small_201312262101158858.jpg', 1, 1, 14, 26, 0, '25.50', ''),
(12, 2, 'material', '杰记 国产 红肉 新鲜 红心蜜柚', '', 22, '网上菜场、果蔬生鲜	水果	柚子', '', 0, '', '', 1, 0, NULL, 1388034154, 1388034154, 12, 'data/files/store_2/goods_144/small_201312262102246687.jpg', 1, 1, 14, 22, 0, '28.50', ''),
(13, 2, 'material', '海泉 进口车厘子 圣诞款', '', 34, '网上菜场、果蔬生鲜	水果	车厘子', '', 0, '', '', 1, 0, NULL, 1388034228, 1388034228, 13, 'data/files/store_2/goods_2/small_201312262103227833.jpg', 1, 1, 14, 34, 0, '108.00', ''),
(14, 2, 'material', '海泉 进口 红心火龙果 新鲜配送', '', 33, '网上菜场、果蔬生鲜	水果	火龙果', '', 0, '', '', 1, 0, NULL, 1388034294, 1388034294, 14, 'data/files/store_2/goods_77/small_201312262104371080.jpg', 1, 1, 14, 33, 0, '21.80', ''),
(15, 2, 'material', '海泉 进口柠檬 尤力克 新鲜配送', '', 27, '网上菜场、果蔬生鲜	水果	柠檬', '', 0, '', '', 1, 0, NULL, 1388034356, 1388034356, 15, 'data/files/store_2/goods_153/small_201312262105539118.jpg', 1, 1, 14, 27, 0, '30.60', ''),
(16, 2, 'material', '椰岛鹿龟酒二星礼盒（500ml*2）', '', 98, '休闲食品、酒水饮料	酒类商城	滋补酒', '', 0, '', '', 1, 0, NULL, 1388034478, 1388034478, 16, 'data/files/store_2/goods_69/small_201312262107499378.jpg', 1, 2, 64, 98, 0, '92.00', ''),
(17, 2, 'material', '椰岛鹿龟酒三星（露酒）礼盒2瓶装（500ml*2） 养生保健补酒', '', 98, '休闲食品、酒水饮料	酒类商城	滋补酒', '', 0, '', '', 1, 0, NULL, 1388034535, 1388034535, 17, 'data/files/store_2/goods_129/small_201312262108507192.jpg', 1, 2, 64, 98, 0, '110.00', ''),
(18, 2, 'material', '沙洲优黄花开富贵480ml/瓶', '', 96, '休闲食品、酒水饮料	酒类商城	黄酒', '', 0, '', '', 1, 0, NULL, 1388034582, 1388034582, 18, 'data/files/store_2/goods_166/small_201312262109269656.jpg', 1, 2, 64, 96, 0, '32.00', ''),
(19, 2, 'material', '50°红心如意郎酒500ml', '', 97, '休闲食品、酒水饮料	酒类商城	葡萄酒/红酒', '', 0, '', '', 1, 0, NULL, 1388034641, 1388034641, 19, 'data/files/store_2/goods_28/small_201312262110282113.jpg', 1, 2, 64, 97, 0, '52.00', ''),
(20, 2, 'material', '口子窖白酒（五年）46度 400ml', '', 97, '休闲食品、酒水饮料	酒类商城	葡萄酒/红酒', '', 0, '', '', 1, 0, NULL, 1388034702, 1388034702, 20, 'data/files/store_2/goods_51/small_201312262110515808.jpg', 1, 2, 64, 97, 0, '95.00', ''),
(21, 2, 'material', '【量贩购】张裕窖藏二年干红葡萄酒750ml×2瓶（每个ID限购5组）', '', 97, '休闲食品、酒水饮料	酒类商城	葡萄酒/红酒', '', 0, '', '', 1, 0, NULL, 1388034760, 1388034760, 21, 'data/files/store_2/goods_124/small_201312262112041198.jpg', 1, 2, 64, 97, 0, '72.00', ''),
(22, 2, 'material', '华佗十全补酒700ml', '', 95, '休闲食品、酒水饮料	酒类商城	白酒', '', 0, '', '', 1, 0, NULL, 1388034838, 1388034838, 22, 'data/files/store_2/goods_6/small_201312262113269791.jpg', 1, 2, 64, 95, 0, '36.00', ''),
(23, 2, 'material', '双沟珍宝坊 君坊 41.8度 480ml+68度 20ml', '', 94, '休闲食品、酒水饮料	酒类商城	进口葡萄酒', '', 0, '', '', 1, 0, NULL, 1388034891, 1388034891, 23, 'data/files/store_2/goods_71/small_201312262114315846.jpg', 1, 2, 64, 94, 0, '128.00', ''),
(24, 2, 'material', '42°洋河大曲青瓷500ml', '', 99, '休闲食品、酒水饮料	酒类商城	果酒', '', 0, '', '', 1, 0, NULL, 1388034944, 1388034944, 24, 'data/files/store_2/goods_141/small_201312262115417011.jpg', 1, 2, 64, 99, 0, '62.00', ''),
(25, 2, 'material', '沙洲优黄(干黄) 480ml/瓶', '', 97, '休闲食品、酒水饮料	酒类商城	葡萄酒/红酒', '', 0, '', '', 1, 0, NULL, 1388035006, 1388035006, 25, 'data/files/store_2/goods_3/small_201312262116433996.jpg', 1, 2, 64, 97, 0, '350.00', ''),
(26, 2, 'material', '乌毡帽十年陈 350ml', '', 97, '休闲食品、酒水饮料	酒类商城	葡萄酒/红酒', '', 0, '', '', 1, 0, NULL, 1388035091, 1388035091, 26, 'data/files/store_2/goods_86/small_201312262118061068.jpg', 1, 2, 64, 97, 0, '100.00', ',330,'),
(27, 2, 'material', '上海老酒六年陈500ml', '', 97, '休闲食品、酒水饮料	酒类商城	葡萄酒/红酒', '', 0, '', '', 1, 0, NULL, 1388035163, 1388035163, 27, 'data/files/store_2/goods_160/small_201312262119204138.jpg', 1, 2, 64, 97, 0, '666.00', ''),
(28, 2, 'material', '【量贩购】多力橄榄葵花油2.5L×2瓶 礼盒装 过节送礼更合适（每个I...', '', 158, '粮油干货、厨房调料	粮油米面	食用油', '', 0, '', '', 1, 0, NULL, 1388036097, 1388036097, 28, 'data/files/store_2/goods_92/small_201312262134527551.jpg', 1, 4, 145, 158, 0, '108.00', ''),
(29, 2, 'material', '银鹭好粥道 黑米杂粮八宝粥280g', '', 150, '粮油干货、厨房调料	粮油米面	杂粮', '', 0, '', '', 1, 0, NULL, 1388036198, 1388036198, 29, 'data/files/store_2/goods_192/small_201312262136326387.jpg', 1, 4, 145, 150, 0, '3.60', ''),
(30, 2, 'material', '纽天然三叶草蜂蜜250g（新西兰）', '', 132, '进口食品、进口乳品	进口零食	进口膨化/薯片', '', 0, '', '', 1, 0, NULL, 1388036332, 1388036332, 30, 'data/files/store_2/goods_111/small_201312262138315559.jpg', 1, 3, 124, 132, 0, '59.00', ''),
(31, 2, 'material', '台湾进口零食品 张君雅系列 拉面条饼和风鸡汁味 嘴馋了', '', 132, '进口食品、进口乳品	进口零食	进口膨化/薯片', '', 0, '', '', 1, 0, NULL, 1388036394, 1388036394, 31, 'data/files/store_2/goods_189/small_201312262139497936.jpg', 1, 3, 124, 132, 0, '6.90', ''),
(32, 2, 'material', '正宗99能量棒 台湾北田棒蛋黄夹心 180克 特价 嘴馋了', '', 132, '进口食品、进口乳品	进口零食	进口膨化/薯片', '', 0, '', '', 1, 0, NULL, 1388036467, 1388036467, 32, 'data/files/store_2/goods_62/small_201312262141025440.jpg', 1, 3, 124, 132, 0, '10.00', ''),
(33, 2, 'material', '印度尼西亚进口啪啪通虾片85克', '', 132, '进口食品、进口乳品	进口零食	进口膨化/薯片', '', 0, '', '', 1, 0, NULL, 1388036528, 1388036528, 33, 'data/files/store_2/goods_125/small_201312262142056946.jpg', 1, 3, 124, 132, 0, '16.80', ''),
(34, 2, 'material', '正品马来西亚 可康牌多口味果冻（含椰果）480g 嘴馋了', '', 134, '进口食品、进口乳品	进口零食	进口果冻/布丁', '', 0, '', '', 1, 0, NULL, 1388036590, 1388036590, 34, 'data/files/store_2/goods_185/small_201312262143054186.jpg', 1, 3, 124, 134, 0, '12.00', ''),
(35, 2, 'material', '可康果冻布丁 480g(80gX6杯) 邻客小食', '', 134, '进口食品、进口乳品	进口零食	进口果冻/布丁', '', 0, '', '', 1, 0, NULL, 1388036650, 1388036650, 35, 'data/files/store_2/goods_42/small_201312262144021189.jpg', 1, 3, 124, 134, 0, '12.00', ''),
(36, 2, 'material', '泰国进口天然零食品 特级泰国植生桂圆肉干 龙眼肉 果干蜜饯 140g...', '', 138, '进口食品、进口乳品	进口零食	进口凉果/蜜饯', '', 0, '', '', 1, 0, NULL, 1388036717, 1388036717, 36, 'data/files/store_2/goods_113/small_201312262145134866.jpg', 1, 3, 124, 138, 0, '22.00', ''),
(37, 2, 'material', '优之良品贵妃梅200克', '', 138, '进口食品、进口乳品	进口零食	进口凉果/蜜饯', '', 0, '', '', 1, 0, NULL, 1388036809, 1388036809, 37, 'data/files/store_2/goods_7/small_201312262146474624.jpg', 1, 3, 124, 138, 0, '20.00', ''),
(38, 2, 'material', '澳门香记特产 XO酱金钱猪肉脯/肉干 250g 特价 嘴馋了', '', 136, '进口食品、进口乳品	进口零食	进口肉制品', '', 0, '', '', 1, 0, NULL, 1388036884, 1388036884, 38, 'data/files/store_2/goods_80/small_201312262148001815.jpg', 1, 3, 124, 136, 0, '21.00', ''),
(39, 2, 'material', '韩国进口小零食 托马斯小火车鳕鱼肠400g', '', 136, '进口食品、进口乳品	进口零食	进口肉制品', '', 0, '', '', 1, 0, NULL, 1388036943, 1388036943, 39, 'data/files/store_2/goods_139/small_201312262148598688.jpg', 1, 3, 124, 136, 0, '80.00', ''),
(40, 2, 'material', '味好美脆皮香酥炸鸡配料45g', '', 332, '粮油干货、厨房调料	调味果酱	调味料', '', 0, '', '', 1, 0, NULL, 1388037104, 1388037104, 40, 'data/files/store_2/goods_95/small_201312262151359791.jpg', 1, 4, 146, 332, 0, '2.20', ''),
(41, 2, 'material', '味好美鱼香肉丝调料35g', '', 332, '粮油干货、厨房调料	调味果酱	调味料', '', 0, '', '', 1, 0, NULL, 1388037142, 1388037142, 41, 'data/files/store_2/goods_130/small_201312262152104798.jpg', 1, 4, 146, 332, 0, '2.50', ''),
(42, 2, 'material', '王守义十三香40g', '', 332, '粮油干货、厨房调料	调味果酱	调味料', '', 0, '', '', 1, 0, NULL, 1388037251, 1388037251, 42, 'data/files/store_2/goods_47/small_201312262154079508.jpg', 1, 4, 146, 332, 0, '2.30', ''),
(43, 2, 'material', '味好美咖喱粉30g', '', 332, '粮油干货、厨房调料	调味果酱	调味料', '', 0, '', '', 1, 0, NULL, 1388037302, 1388037302, 43, 'data/files/store_2/goods_93/small_201312262154537504.jpg', 1, 4, 146, 332, 0, '7.30', ''),
(44, 2, 'material', '川南火锅底料150g', '', 332, '粮油干货、厨房调料	调味果酱	调味料', '', 0, '', '', 1, 0, NULL, 1388037356, 1388037356, 44, 'data/files/store_2/goods_144/small_201312262155447040.jpg', 1, 4, 146, 332, 0, '4.10', ''),
(45, 2, 'material', '郫县红油豆瓣 1.05kg', '', 332, '粮油干货、厨房调料	调味果酱	调味料', '', 0, '', '', 1, 0, NULL, 1388037389, 1388037389, 45, 'data/files/store_2/goods_178/small_201312262156186146.jpg', 1, 4, 146, 332, 0, '14.80', ''),
(46, 2, 'material', '川郫红油郫县豆瓣500g', '', 332, '粮油干货、厨房调料	调味果酱	调味料', '', 0, '', '', 1, 0, NULL, 1388037427, 1388037427, 46, 'data/files/store_2/goods_11/small_201312262156516537.jpg', 1, 4, 146, 332, 0, '5.80', ''),
(47, 2, 'material', '川南干爹风味豆豉210g', '', 332, '粮油干货、厨房调料	调味果酱	调味料', '', 0, '', '', 1, 0, NULL, 1388037481, 1388037481, 47, 'data/files/store_2/goods_76/small_201312262157569987.jpg', 1, 4, 146, 332, 0, '5.50', ''),
(48, 2, 'material', '川崎火锅调料海鲜100g', '', 332, '粮油干货、厨房调料	调味果酱	调味料', '', 0, '', '', 1, 0, NULL, 1388037529, 1388037529, 48, 'data/files/store_2/goods_111/small_201312262158319438.jpg', 1, 4, 146, 332, 0, '2.60', ''),
(49, 2, 'material', '川崎火锅调料海麻辣100g', '', 332, '粮油干货、厨房调料	调味果酱	调味料', '', 0, '', '', 1, 0, NULL, 1388037569, 1388037569, 49, 'data/files/store_2/goods_162/small_201312262159227323.jpg', 1, 4, 146, 332, 0, '2.60', ''),
(50, 2, 'material', '新安怡 婴儿保湿润肤乳液200ML', '', 364, '母婴用品、 玩具	洗护用品	护理用品', '', 0, '', '', 1, 0, NULL, 1388037930, 1388037930, 50, 'data/files/store_2/goods_127/small_201312262205276887.jpg', 1, 6, 189, 364, 0, '74.00', ''),
(51, 2, 'material', '飞利浦新安怡标准口径奶嘴', '', 364, '母婴用品、 玩具	洗护用品	护理用品', '', 0, '', '', 1, 0, NULL, 1388037976, 1388037976, 51, 'data/files/store_2/goods_173/small_201312262206139520.jpg', 1, 6, 189, 364, 0, '14.00', ''),
(52, 2, 'material', '飞利浦新安怡幼儿食物储存盒', '', 364, '母婴用品、 玩具	洗护用品	护理用品', '', 0, '', '', 1, 0, NULL, 1388038076, 1388038076, 52, 'data/files/store_2/goods_72/small_201312262207528762.jpg', 1, 6, 189, 364, 0, '144.00', ''),
(53, 2, 'material', 'Pigeon贝亲 婴儿沐浴露', '', 364, '母婴用品、 玩具	洗护用品	护理用品', '', 0, '', '', 1, 0, NULL, 1388038125, 1388038125, 53, 'data/files/store_2/goods_102/small_201312262208227300.jpg', 1, 6, 189, 364, 0, '17.50', ''),
(54, 2, 'material', '飞利浦新安怡微波炉蒸汽消毒锅套餐', '', 364, '母婴用品、 玩具	洗护用品	护理用品', '', 0, '', '', 1, 0, NULL, 1388038164, 1388038164, 54, 'data/files/store_2/goods_135/small_201312262208557042.jpg', 1, 6, 189, 364, 0, '354.00', ''),
(55, 2, 'material', '飞利浦新安怡4合1电子蒸汽消毒锅', '', 364, '母婴用品、 玩具	洗护用品	护理用品', '', 0, '', '', 1, 0, NULL, 1388038205, 1388038205, 55, 'data/files/store_2/goods_176/small_201312262209361435.jpg', 1, 6, 189, 364, 0, '679.00', ''),
(56, 2, 'material', '飞利浦新安怡手动吸乳器外出旅行组合套装', '', 364, '母婴用品、 玩具	洗护用品	护理用品', '', 0, '', '', 1, 0, NULL, 1388038246, 1388038246, 56, 'data/files/store_2/goods_16/small_201312262210162177.jpg', 1, 6, 189, 364, 0, '606.00', ''),
(57, 2, 'material', '飞利浦新安怡对装乳头矫正器', '', 364, '母婴用品、 玩具	洗护用品	护理用品', '', 0, '', '', 1, 0, NULL, 1388038292, 1388038292, 57, 'data/files/store_2/goods_57/small_201312262210575290.jpg', 1, 6, 189, 364, 0, '374.00', ''),
(58, 2, 'material', '飞利浦新安怡智能蒸汽消毒锅', '', 364, '母婴用品、 玩具	洗护用品	护理用品', '', 0, '', '', 1, 0, NULL, 1388038343, 1388038343, 58, 'data/files/store_2/goods_106/small_201312262211467126.jpg', 1, 6, 189, 364, 0, '774.00', ''),
(59, 2, 'material', '飞利浦新安怡标准口径奶嘴', '', 364, '母婴用品、 玩具	洗护用品	护理用品', '', 0, '', '', 1, 0, NULL, 1388038380, 1388038380, 59, 'data/files/store_2/goods_152/small_201312262212327144.jpg', 1, 6, 189, 364, 0, '12.00', ''),
(60, 2, 'material', '希乐上品真空保温泡茶杯 XS-400-3', '', 7, '厨房、清洁、卫浴用品', '', 0, '', '', 1, 0, NULL, 1388038694, 1388038694, 60, 'data/files/store_2/goods_90/small_201312262218109004.jpg', 1, 7, 0, 0, 0, '35.80', ''),
(61, 2, 'material', '妙洁圆形耐热玻璃保鲜盒800ml MCOGBC80', '', 7, '厨房、清洁、卫浴用品', '', 0, '', '', 1, 0, NULL, 1388038738, 1388038738, 61, 'data/files/store_2/goods_114/small_201312262218342575.jpg', 1, 7, 0, 0, 0, '24.90', ''),
(62, 2, 'material', '(原装进口)韩国爱敬aekyung全彩护色洗衣液1L', '', 7, '厨房、清洁、卫浴用品', '', 0, '', '', 1, 0, NULL, 1388038787, 1388038787, 62, 'data/files/store_2/goods_153/small_201312262219138421.jpg', 1, 7, 0, 0, 0, '46.60', ''),
(63, 2, 'material', '品诚尚品惠 Supor/苏泊尔 T0908Q厨具套装典雅系列不锈钢锅铲汤勺...', '', 7, '厨房、清洁、卫浴用品', '', 0, '', '', 1, 0, NULL, 1388038827, 1388038827, 63, 'data/files/store_2/goods_6/small_201312262220067431.jpg', 1, 7, 0, 0, 0, '215.00', ''),
(64, 2, 'material', '乐扣保鲜盒6件多规格套装微波炉烤箱耐热玻璃LLG224S902 44763当...', '', 7, '厨房、清洁、卫浴用品', '', 0, '', '', 1, 0, NULL, 1388038876, 1388038876, 64, 'data/files/store_2/goods_41/small_201312262220415407.jpg', 1, 7, 0, 0, 0, '202.00', ''),
(65, 2, 'material', '妙洁手压旋拖1*4', '', 7, '厨房、清洁、卫浴用品', '', 0, '', '', 1, 0, NULL, 1388038973, 1388038973, 65, 'data/files/store_2/goods_143/small_201312262222237668.jpg', 1, 7, 0, 0, 0, '158.00', ''),
(66, 2, 'material', '2支装妙洁C型点断式垃圾袋(中)', '', 7, '厨房、清洁、卫浴用品', '', 0, '', '', 1, 0, NULL, 1388039008, 1388039008, 66, 'data/files/store_2/goods_186/small_201312262223061143.jpg', 1, 7, 0, 0, 0, '2.90', ''),
(67, 2, 'material', '妙洁C型魔吸胶棉拖把', '', 7, '厨房、清洁、卫浴用品', '', 0, '', '', 1, 0, NULL, 1388039047, 1388039047, 67, 'data/files/store_2/goods_26/small_201312262223464846.jpg', 1, 7, 0, 0, 0, '23.80', ''),
(68, 2, 'material', '汰渍全效炫白加衣领净精华洗衣粉560克', '', 7, '厨房、清洁、卫浴用品', '', 0, '', '', 1, 0, NULL, 1388039114, 1388039114, 68, 'data/files/store_2/goods_91/small_201312262224518849.jpg', 1, 7, 0, 0, 0, '5.10', ''),
(69, 2, 'material', '【量贩购】奥妙 全自动含金纺馨香精华深层洁净洗衣液 3kg（怡神薰...', '', 7, '厨房、清洁、卫浴用品', '', 0, '', '', 1, 0, NULL, 1388039145, 1388039145, 69, 'data/files/store_2/goods_131/small_201312262225311490.jpg', 1, 7, 0, 0, 0, '45.00', ''),
(70, 2, 'material', '韩版夏季新款连衣裙 纯色露肩 雪纺假两件套 连衣短裙5776', '', 239, '服饰箱包鞋靴、 运动	女装精品	连衣裙', '', 0, '', '', 1, 0, NULL, 1388039629, 1388039629, 70, 'data/files/store_2/goods_195/small_201312262233156335.jpg', 1, 10, 223, 239, 0, '850.00', ''),
(71, 2, 'material', '春装新款 韩版 气质修身 蕾丝拼接 圆领长袖 性感 连衣短裙L4666', '', 239, '服饰箱包鞋靴、 运动	女装精品	连衣裙', '', 0, '', '', 1, 0, NULL, 1388039672, 1388039672, 71, 'data/files/store_2/goods_44/small_201312262234045839.jpg', 1, 10, 223, 239, 0, '750.00', ''),
(72, 2, 'material', '时尚休闲 气质雪纺条纹两件套 长袖不规则连衣裙7938', '', 239, '服饰箱包鞋靴、 运动	女装精品	连衣裙', '', 0, '', '', 1, 0, NULL, 1388039729, 1388039729, 72, 'data/files/store_2/goods_113/small_201312262235137180.jpg', 1, 10, 223, 239, 0, '690.00', ''),
(73, 2, 'material', '新品女装 荷叶边外衫 碎花裙 裙子夏季两件套 麻棉长袖连衣裙F512...', '', 239, '服饰箱包鞋靴、 运动	女装精品	连衣裙', '', 0, '', '', 1, 0, NULL, 1388039774, 1388039774, 73, 'data/files/store_2/goods_142/small_201312262235429182.jpg', 1, 10, 223, 239, 0, '850.00', ''),
(74, 2, 'material', '皇后大街2013春装新款圆领收腰中袖蕾丝连衣裙修身显瘦打底裙L234...', '', 239, '服饰箱包鞋靴、 运动	女装精品	连衣裙', '', 0, '', '', 1, 0, NULL, 1388039823, 1388039823, 74, 'data/files/store_2/goods_189/small_201312262236298305.jpg', 1, 10, 223, 239, 0, '2090.00', ''),
(75, 2, 'material', '棉先生原创 2012新品 韩版黑色西服两粒扣休闲小西装外套 S5455', '', 262, '服饰箱包鞋靴、 运动	男装精品	西服', '', 0, '', '', 1, 0, NULL, 1388039883, 1388039883, 75, 'data/files/store_2/goods_38/small_201312262237189780.jpg', 1, 10, 224, 262, 0, '173.00', ''),
(76, 2, 'material', 'Miiow猫人 2013新款夏季女士性感豹纹印花舒适中腰提臀三角裤1397...', '', 249, '服饰箱包鞋靴、 运动	女装精品	卫衣/绒衫', '', 0, '', '', 1, 0, NULL, 1388039951, 1388039951, 76, 'data/files/store_2/goods_98/small_201312262238182827.jpg', 1, 10, 223, 249, 0, '390.00', ''),
(77, 2, 'material', '韩国品牌 SATSUN 专柜正品 超弹修身小腿裤 明线装饰 特价促销', '', 245, '服饰箱包鞋靴、 运动	女装精品	蕾丝衫/雪纺衫', '', 0, '', '', 1, 0, NULL, 1388040028, 1388040028, 77, 'data/files/store_2/goods_179/small_201312262239393163.jpg', 1, 10, 223, 245, 0, '169.00', ''),
(78, 2, 'material', '（冰爽特价）韩国品牌 SATSUN 专柜正品 拉链装饰牛仔短裤', '', 245, '服饰箱包鞋靴、 运动	女装精品	蕾丝衫/雪纺衫', '', 0, '', '', 1, 0, NULL, 1388040081, 1388040081, 78, 'data/files/store_2/goods_54/small_201312262240547284.jpg', 1, 10, 223, 245, 0, '129.00', ''),
(79, 2, 'material', '全棉弹力抓绒小腿裤 保暖舒适 雪花修身小腿裤 春...', '', 235, '服饰箱包鞋靴、 运动	女装精品	羽绒服', '', 0, '', '', 1, 0, NULL, 1388040133, 1388040133, 79, 'data/files/store_2/goods_97/small_201312262241379970.jpg', 1, 10, 223, 235, 0, '69.00', ''),
(80, 2, 'material', '【量贩购】顶瓜瓜专柜 顶呱呱男女保暖内衣 加厚加绒套装DNBMD-T2...', '', 236, '服饰箱包鞋靴、 运动	女装精品	羊毛/羊绒', '', 0, '', '', 1, 0, NULL, 1388040198, 1388040198, 80, 'data/files/store_2/goods_156/small_201312262242365477.jpg', 1, 10, 223, 236, 0, '89.00', ''),
(81, 2, 'material', '艾美特PTC陶瓷暖风机HP2028UR 取暖器 电暖器 遥控加湿', '', 216, '大家电、生活电器	生活电器', '', 0, '', '', 1, 0, NULL, 1388040743, 1388040743, 81, 'data/files/store_2/goods_111/small_201312262251512164.jpg', 1, 9, 216, 0, 0, '699.00', ''),
(82, 2, 'material', '飞利浦 充电剃须刀HQ6076 弹出式修发器刀头水洗', '', 216, '大家电、生活电器	生活电器', '', 0, '', '', 1, 0, NULL, 1388040835, 1388040835, 82, 'data/files/store_2/goods_9/small_201312262253293800.jpg', 1, 9, 216, 0, 0, '499.00', ''),
(83, 2, 'material', 'Joyoung/九阳 JYC-21GS08 电磁炉 健康双环火 触摸 节能 正品特价...', '', 216, '大家电、生活电器	生活电器', '', 0, '', '', 1, 0, NULL, 1388040935, 1388040935, 83, 'data/files/store_2/goods_80/small_201312262254404774.jpg', 1, 9, 216, 0, 0, '269.00', ''),
(84, 2, 'material', 'Joyoung/九阳JYK-17F05A特价不锈钢多功能电热开水煲壶联保正品 ...', '', 216, '大家电、生活电器	生活电器', '', 0, '', '', 1, 0, NULL, 1388040980, 1388040980, 84, 'data/files/store_2/goods_155/small_201312262255558436.jpg', 1, 9, 216, 0, 0, '170.00', ''),
(85, 2, 'material', '先锋 电暖气CY11BB-11 DS1102 油汀11片 赠晾衣架加湿盒', '', 216, '大家电、生活电器	生活电器', '', 0, '', '', 1, 0, NULL, 1388041028, 1388041028, 85, 'data/files/store_2/goods_6/small_201312262256466045.jpg', 1, 9, 216, 0, 0, '399.00', ''),
(86, 2, 'material', 'Joyoung/九阳 C21-SC007 九阳电磁炉 超薄 二级能效 整板触摸屏', '', 216, '大家电、生活电器	生活电器', '', 0, '', '', 1, 0, NULL, 1388041065, 1388041065, 86, 'data/files/store_2/goods_49/small_201312262257294186.jpg', 1, 9, 216, 0, 0, '259.00', ''),
(87, 2, 'material', '道尔顿PF前置折叠棉滤芯', '', 216, '大家电、生活电器	生活电器', '', 0, '', '', 1, 0, NULL, 1388041106, 1388041106, 87, 'data/files/store_2/goods_86/small_201312262258066317.jpg', 1, 9, 216, 0, 0, '88.00', ''),
(88, 2, 'material', '美妙足浴盆MM-13H全盖泡脚加热足浴器足浴盆泡脚盆', '', 216, '大家电、生活电器	生活电器', '', 0, '', '', 1, 0, NULL, 1388041146, 1388041146, 88, 'data/files/store_2/goods_124/small_201312262258442397.jpg', 1, 9, 216, 0, 0, '249.00', ''),
(89, 2, 'material', '美妙足浴盆MM-12E/02E足浴器按摩正品 洗脚盆加热泡脚盆', '', 216, '大家电、生活电器	生活电器', '', 0, '', '', 1, 0, NULL, 1388041200, 1388041200, 89, 'data/files/store_2/goods_180/small_201312262259401924.jpg', 1, 9, 216, 0, 0, '239.00', ''),
(90, 2, 'material', '品诚尚品惠 Midea/美的 DE12G13 全不锈钢豆浆机多功能无网 3.4KG', '', 216, '大家电、生活电器	生活电器', '', 0, '', '', 1, 0, NULL, 1388041280, 1388041280, 90, 'data/files/store_2/goods_60/small_201312262301006712.jpg', 1, 9, 216, 0, 0, '270.00', ''),
(91, 2, 'material', 'HTC T528t 双卡双待双通TD-SCDMA/GSM', '', 216, '大家电、生活电器	生活电器', '', 0, '', '', 1, 0, NULL, 1388041380, 1388041380, 91, 'data/files/store_2/goods_155/small_201312262302356953.jpg', 1, 9, 216, 0, 0, '1298.00', ''),
(92, 2, 'material', '中兴（ZTE）U960s3 3G手机 TD-SCDMA/GSM', '', 216, '大家电、生活电器	生活电器', '', 0, '', '', 1, 0, NULL, 1388041427, 1388041427, 92, 'data/files/store_2/goods_3/small_201312262303231812.jpg', 1, 9, 216, 0, 0, '495.00', ''),
(93, 2, 'material', '三星(samsung)s5698 3G手机 TD-SCDMA/GSM', '', 216, '大家电、生活电器	生活电器', '', 0, '', '', 1, 0, NULL, 1388041471, 1388041471, 93, 'data/files/store_2/goods_48/small_201312262304085587.jpg', 1, 9, 216, 0, 0, '199.00', ''),
(94, 2, 'material', '华为（Huawei）T8951（G510）3G手机 TD-SCDMA/GSM', '', 216, '大家电、生活电器	生活电器', '', 0, '', '', 1, 0, NULL, 1388041510, 1388041510, 94, 'data/files/store_2/goods_93/small_201312262304537590.jpg', 1, 9, 216, 0, 0, '599.00', ''),
(95, 2, 'material', 'HTC 8S（A620t）3G手机TD-SCDMA/GSM', '', 216, '大家电、生活电器	生活电器', '', 0, '', '', 1, 0, NULL, 1388041548, 1388041548, 95, 'data/files/store_2/goods_134/small_201312262305341913.jpg', 1, 9, 216, 0, 0, '688.00', ''),
(96, 2, 'material', '诺基亚（NOKIA） Lumia 720T 3G手机 TD-SCDMA/GSM', '', 216, '大家电、生活电器	生活电器', '', 0, '', '', 1, 0, NULL, 1388041597, 1388041597, 96, 'data/files/store_2/goods_170/small_201312262306104597.jpg', 1, 9, 216, 0, 0, '1749.00', ''),
(97, 2, 'material', '三星（SAMSUNG）I8558 3G手机 TD-SCDMA/GSM 双卡双待', '', 216, '大家电、生活电器	生活电器', '', 0, '', '', 1, 0, NULL, 1388041645, 1388041645, 97, 'data/files/store_2/goods_27/small_201312262307078496.jpg', 1, 9, 216, 0, 0, '1549.00', ''),
(98, 2, 'material', '酷派(Coolpad)8730 3G手机 TD-SCDMA/GSM', '', 216, '大家电、生活电器	生活电器', '', 0, '', '', 1, 0, NULL, 1388041757, 1388041757, 98, 'data/files/store_2/goods_107/small_201312262308271759.jpg', 1, 9, 216, 0, 0, '1588.00', ''),
(99, 2, 'material', '测试商品', '<p><img src="http://wxmall.vchuang.cn/data/files/store_2/goods_99/201411040524594750.jpg" alt="mallad_02.jpg" /></p>', 19, '网上菜场、果蔬生鲜	水果	苹果', '', 2, '颜色', '尺码', 1, 0, NULL, 1403693943, 1415021108, 99, 'data/files/store_2/goods_84/small_201411040524448659.jpg', 1, 1, 14, 19, 0, '0.10', '');

-- --------------------------------------------------------

--
-- 表的结构 `ecm_goods_attr`
--

CREATE TABLE IF NOT EXISTS `ecm_goods_attr` (
  `gattr_id` int(10) unsigned NOT NULL AUTO_INCREMENT,
  `goods_id` int(10) unsigned NOT NULL DEFAULT '0',
  `attr_name` varchar(60) NOT NULL DEFAULT '',
  `attr_value` varchar(255) NOT NULL DEFAULT '',
  `attr_id` int(10) unsigned DEFAULT NULL,
  `sort_order` tinyint(3) unsigned DEFAULT NULL,
  PRIMARY KEY (`gattr_id`),
  KEY `goods_id` (`goods_id`)
) ENGINE=MyISAM DEFAULT CHARSET=utf8 AUTO_INCREMENT=1 ;

-- --------------------------------------------------------

--
-- 表的结构 `ecm_goods_image`
--

CREATE TABLE IF NOT EXISTS `ecm_goods_image` (
  `image_id` int(10) unsigned NOT NULL AUTO_INCREMENT,
  `goods_id` int(10) unsigned NOT NULL DEFAULT '0',
  `image_url` varchar(255) NOT NULL DEFAULT '',
  `thumbnail` varchar(255) NOT NULL DEFAULT '',
  `sort_order` tinyint(4) unsigned NOT NULL DEFAULT '0',
  `file_id` int(11) unsigned NOT NULL DEFAULT '0',
  PRIMARY KEY (`image_id`),
  KEY `goods_id` (`goods_id`)
) ENGINE=MyISAM  DEFAULT CHARSET=utf8 AUTO_INCREMENT=106 ;

--
-- 转存表中的数据 `ecm_goods_image`
--

INSERT INTO `ecm_goods_image` (`image_id`, `goods_id`, `image_url`, `thumbnail`, `sort_order`, `file_id`) VALUES
(1, 1, 'data/files/store_2/goods_110/201312262048304586.jpg', 'data/files/store_2/goods_110/small_201312262048304586.jpg', 1, 1),
(2, 2, 'data/files/store_2/goods_198/201312262049586818.jpg', 'data/files/store_2/goods_198/small_201312262049586818.jpg', 1, 2),
(3, 3, 'data/files/store_2/goods_148/201312262052284448.jpg', 'data/files/store_2/goods_148/small_201312262052284448.jpg', 1, 3),
(4, 4, 'data/files/store_2/goods_57/201312262054174988.jpg', 'data/files/store_2/goods_57/small_201312262054174988.jpg', 1, 4),
(5, 5, 'data/files/store_2/goods_99/201312262054594117.jpg', 'data/files/store_2/goods_99/small_201312262054594117.jpg', 1, 5),
(6, 6, 'data/files/store_2/goods_136/201312262055366831.jpg', 'data/files/store_2/goods_136/small_201312262055366831.jpg', 1, 6),
(7, 7, 'data/files/store_2/goods_180/201312262056209107.jpg', 'data/files/store_2/goods_180/small_201312262056209107.jpg', 1, 7),
(8, 8, 'data/files/store_2/goods_63/201312262057435880.jpg', 'data/files/store_2/goods_63/small_201312262057435880.jpg', 1, 8),
(9, 9, 'data/files/store_2/goods_120/201312262058402887.jpg', 'data/files/store_2/goods_120/small_201312262058402887.jpg', 1, 9),
(10, 10, 'data/files/store_2/goods_31/201312262100319871.jpg', 'data/files/store_2/goods_31/small_201312262100319871.jpg', 1, 10),
(11, 11, 'data/files/store_2/goods_75/201312262101158858.jpg', 'data/files/store_2/goods_75/small_201312262101158858.jpg', 1, 11),
(12, 12, 'data/files/store_2/goods_144/201312262102246687.jpg', 'data/files/store_2/goods_144/small_201312262102246687.jpg', 1, 12),
(13, 13, 'data/files/store_2/goods_2/201312262103227833.jpg', 'data/files/store_2/goods_2/small_201312262103227833.jpg', 1, 13),
(14, 14, 'data/files/store_2/goods_77/201312262104371080.jpg', 'data/files/store_2/goods_77/small_201312262104371080.jpg', 1, 14),
(15, 15, 'data/files/store_2/goods_153/201312262105539118.jpg', 'data/files/store_2/goods_153/small_201312262105539118.jpg', 1, 15),
(16, 16, 'data/files/store_2/goods_69/201312262107499378.jpg', 'data/files/store_2/goods_69/small_201312262107499378.jpg', 1, 16),
(17, 17, 'data/files/store_2/goods_129/201312262108507192.jpg', 'data/files/store_2/goods_129/small_201312262108507192.jpg', 1, 17),
(18, 17, 'data/files/store_2/goods_130/201312262108508363.jpg', 'data/files/store_2/goods_130/small_201312262108508363.jpg', 255, 18),
(19, 18, 'data/files/store_2/goods_166/201312262109269656.jpg', 'data/files/store_2/goods_166/small_201312262109269656.jpg', 1, 19),
(20, 19, 'data/files/store_2/goods_28/201312262110282113.jpg', 'data/files/store_2/goods_28/small_201312262110282113.jpg', 1, 20),
(21, 20, 'data/files/store_2/goods_51/201312262110515808.jpg', 'data/files/store_2/goods_51/small_201312262110515808.jpg', 1, 21),
(22, 21, 'data/files/store_2/goods_124/201312262112041198.jpg', 'data/files/store_2/goods_124/small_201312262112041198.jpg', 1, 22),
(23, 22, 'data/files/store_2/goods_6/201312262113269791.jpg', 'data/files/store_2/goods_6/small_201312262113269791.jpg', 1, 23),
(24, 23, 'data/files/store_2/goods_71/201312262114315846.jpg', 'data/files/store_2/goods_71/small_201312262114315846.jpg', 1, 24),
(25, 24, 'data/files/store_2/goods_141/201312262115417011.jpg', 'data/files/store_2/goods_141/small_201312262115417011.jpg', 1, 25),
(26, 25, 'data/files/store_2/goods_3/201312262116433996.jpg', 'data/files/store_2/goods_3/small_201312262116433996.jpg', 1, 26),
(27, 26, 'data/files/store_2/goods_86/201312262118061068.jpg', 'data/files/store_2/goods_86/small_201312262118061068.jpg', 1, 27),
(28, 27, 'data/files/store_2/goods_160/201312262119204138.jpg', 'data/files/store_2/goods_160/small_201312262119204138.jpg', 1, 28),
(29, 28, 'data/files/store_2/goods_92/201312262134527551.jpg', 'data/files/store_2/goods_92/small_201312262134527551.jpg', 1, 29),
(30, 29, 'data/files/store_2/goods_192/201312262136326387.jpg', 'data/files/store_2/goods_192/small_201312262136326387.jpg', 1, 30),
(31, 30, 'data/files/store_2/goods_111/201312262138315559.jpg', 'data/files/store_2/goods_111/small_201312262138315559.jpg', 1, 31),
(32, 31, 'data/files/store_2/goods_189/201312262139497936.jpg', 'data/files/store_2/goods_189/small_201312262139497936.jpg', 1, 32),
(33, 32, 'data/files/store_2/goods_62/201312262141025440.jpg', 'data/files/store_2/goods_62/small_201312262141025440.jpg', 1, 33),
(34, 33, 'data/files/store_2/goods_125/201312262142056946.jpg', 'data/files/store_2/goods_125/small_201312262142056946.jpg', 1, 34),
(35, 34, 'data/files/store_2/goods_185/201312262143054186.jpg', 'data/files/store_2/goods_185/small_201312262143054186.jpg', 1, 35),
(36, 35, 'data/files/store_2/goods_42/201312262144021189.jpg', 'data/files/store_2/goods_42/small_201312262144021189.jpg', 1, 36),
(37, 36, 'data/files/store_2/goods_113/201312262145134866.jpg', 'data/files/store_2/goods_113/small_201312262145134866.jpg', 1, 37),
(38, 37, 'data/files/store_2/goods_7/201312262146474624.jpg', 'data/files/store_2/goods_7/small_201312262146474624.jpg', 1, 38),
(39, 38, 'data/files/store_2/goods_80/201312262148001815.jpg', 'data/files/store_2/goods_80/small_201312262148001815.jpg', 1, 39),
(40, 39, 'data/files/store_2/goods_139/201312262148598688.jpg', 'data/files/store_2/goods_139/small_201312262148598688.jpg', 1, 40),
(41, 40, 'data/files/store_2/goods_95/201312262151359791.jpg', 'data/files/store_2/goods_95/small_201312262151359791.jpg', 1, 41),
(42, 41, 'data/files/store_2/goods_130/201312262152104798.jpg', 'data/files/store_2/goods_130/small_201312262152104798.jpg', 1, 42),
(43, 42, 'data/files/store_2/goods_47/201312262154079508.jpg', 'data/files/store_2/goods_47/small_201312262154079508.jpg', 1, 43),
(44, 43, 'data/files/store_2/goods_93/201312262154537504.jpg', 'data/files/store_2/goods_93/small_201312262154537504.jpg', 1, 44),
(45, 44, 'data/files/store_2/goods_144/201312262155447040.jpg', 'data/files/store_2/goods_144/small_201312262155447040.jpg', 1, 45),
(46, 45, 'data/files/store_2/goods_178/201312262156186146.jpg', 'data/files/store_2/goods_178/small_201312262156186146.jpg', 1, 46),
(47, 46, 'data/files/store_2/goods_11/201312262156516537.jpg', 'data/files/store_2/goods_11/small_201312262156516537.jpg', 1, 47),
(48, 47, 'data/files/store_2/goods_76/201312262157569987.jpg', 'data/files/store_2/goods_76/small_201312262157569987.jpg', 1, 48),
(49, 48, 'data/files/store_2/goods_111/201312262158319438.jpg', 'data/files/store_2/goods_111/small_201312262158319438.jpg', 1, 49),
(50, 49, 'data/files/store_2/goods_162/201312262159227323.jpg', 'data/files/store_2/goods_162/small_201312262159227323.jpg', 1, 50),
(51, 50, 'data/files/store_2/goods_127/201312262205276887.jpg', 'data/files/store_2/goods_127/small_201312262205276887.jpg', 1, 51),
(52, 51, 'data/files/store_2/goods_173/201312262206139520.jpg', 'data/files/store_2/goods_173/small_201312262206139520.jpg', 1, 52),
(53, 52, 'data/files/store_2/goods_72/201312262207528762.jpg', 'data/files/store_2/goods_72/small_201312262207528762.jpg', 1, 53),
(54, 53, 'data/files/store_2/goods_102/201312262208227300.jpg', 'data/files/store_2/goods_102/small_201312262208227300.jpg', 1, 54),
(55, 54, 'data/files/store_2/goods_135/201312262208557042.jpg', 'data/files/store_2/goods_135/small_201312262208557042.jpg', 1, 55),
(56, 55, 'data/files/store_2/goods_176/201312262209361435.jpg', 'data/files/store_2/goods_176/small_201312262209361435.jpg', 1, 56),
(57, 56, 'data/files/store_2/goods_16/201312262210162177.jpg', 'data/files/store_2/goods_16/small_201312262210162177.jpg', 1, 57),
(58, 57, 'data/files/store_2/goods_57/201312262210575290.jpg', 'data/files/store_2/goods_57/small_201312262210575290.jpg', 1, 58),
(59, 58, 'data/files/store_2/goods_106/201312262211467126.jpg', 'data/files/store_2/goods_106/small_201312262211467126.jpg', 1, 59),
(60, 59, 'data/files/store_2/goods_152/201312262212327144.jpg', 'data/files/store_2/goods_152/small_201312262212327144.jpg', 1, 60),
(61, 60, 'data/files/store_2/goods_90/201312262218109004.jpg', 'data/files/store_2/goods_90/small_201312262218109004.jpg', 1, 61),
(62, 61, 'data/files/store_2/goods_114/201312262218342575.jpg', 'data/files/store_2/goods_114/small_201312262218342575.jpg', 1, 62),
(63, 62, 'data/files/store_2/goods_153/201312262219138421.jpg', 'data/files/store_2/goods_153/small_201312262219138421.jpg', 1, 63),
(64, 63, 'data/files/store_2/goods_6/201312262220067431.jpg', 'data/files/store_2/goods_6/small_201312262220067431.jpg', 1, 64),
(65, 64, 'data/files/store_2/goods_41/201312262220415407.jpg', 'data/files/store_2/goods_41/small_201312262220415407.jpg', 1, 65),
(66, 65, 'data/files/store_2/goods_143/201312262222237668.jpg', 'data/files/store_2/goods_143/small_201312262222237668.jpg', 1, 66),
(67, 66, 'data/files/store_2/goods_186/201312262223061143.jpg', 'data/files/store_2/goods_186/small_201312262223061143.jpg', 1, 67),
(68, 67, 'data/files/store_2/goods_26/201312262223464846.jpg', 'data/files/store_2/goods_26/small_201312262223464846.jpg', 1, 68),
(70, 68, 'data/files/store_2/goods_91/201312262224518849.jpg', 'data/files/store_2/goods_91/small_201312262224518849.jpg', 1, 70),
(71, 69, 'data/files/store_2/goods_131/201312262225311490.jpg', 'data/files/store_2/goods_131/small_201312262225311490.jpg', 1, 71),
(72, 70, 'data/files/store_2/goods_195/201312262233156335.jpg', 'data/files/store_2/goods_195/small_201312262233156335.jpg', 1, 72),
(73, 71, 'data/files/store_2/goods_44/201312262234045839.jpg', 'data/files/store_2/goods_44/small_201312262234045839.jpg', 1, 73),
(74, 72, 'data/files/store_2/goods_113/201312262235137180.jpg', 'data/files/store_2/goods_113/small_201312262235137180.jpg', 1, 74),
(75, 73, 'data/files/store_2/goods_142/201312262235429182.jpg', 'data/files/store_2/goods_142/small_201312262235429182.jpg', 1, 75),
(76, 74, 'data/files/store_2/goods_189/201312262236298305.jpg', 'data/files/store_2/goods_189/small_201312262236298305.jpg', 1, 76),
(77, 75, 'data/files/store_2/goods_38/201312262237189780.jpg', 'data/files/store_2/goods_38/small_201312262237189780.jpg', 1, 77),
(78, 76, 'data/files/store_2/goods_98/201312262238182827.jpg', 'data/files/store_2/goods_98/small_201312262238182827.jpg', 1, 78),
(79, 77, 'data/files/store_2/goods_179/201312262239393163.jpg', 'data/files/store_2/goods_179/small_201312262239393163.jpg', 1, 79),
(80, 78, 'data/files/store_2/goods_54/201312262240547284.jpg', 'data/files/store_2/goods_54/small_201312262240547284.jpg', 1, 80),
(81, 79, 'data/files/store_2/goods_97/201312262241379970.jpg', 'data/files/store_2/goods_97/small_201312262241379970.jpg', 1, 81),
(82, 80, 'data/files/store_2/goods_156/201312262242365477.jpg', 'data/files/store_2/goods_156/small_201312262242365477.jpg', 1, 82),
(83, 81, 'data/files/store_2/goods_111/201312262251512164.jpg', 'data/files/store_2/goods_111/small_201312262251512164.jpg', 1, 83),
(84, 82, 'data/files/store_2/goods_9/201312262253293800.jpg', 'data/files/store_2/goods_9/small_201312262253293800.jpg', 1, 84),
(85, 83, 'data/files/store_2/goods_80/201312262254404774.jpg', 'data/files/store_2/goods_80/small_201312262254404774.jpg', 1, 85),
(86, 84, 'data/files/store_2/goods_155/201312262255558436.jpg', 'data/files/store_2/goods_155/small_201312262255558436.jpg', 1, 86),
(87, 85, 'data/files/store_2/goods_6/201312262256466045.jpg', 'data/files/store_2/goods_6/small_201312262256466045.jpg', 1, 87),
(88, 86, 'data/files/store_2/goods_49/201312262257294186.jpg', 'data/files/store_2/goods_49/small_201312262257294186.jpg', 1, 88),
(89, 87, 'data/files/store_2/goods_86/201312262258066317.jpg', 'data/files/store_2/goods_86/small_201312262258066317.jpg', 1, 89),
(90, 88, 'data/files/store_2/goods_124/201312262258442397.jpg', 'data/files/store_2/goods_124/small_201312262258442397.jpg', 1, 90),
(91, 89, 'data/files/store_2/goods_180/201312262259401924.jpg', 'data/files/store_2/goods_180/small_201312262259401924.jpg', 1, 91),
(92, 90, 'data/files/store_2/goods_60/201312262301006712.jpg', 'data/files/store_2/goods_60/small_201312262301006712.jpg', 1, 92),
(93, 91, 'data/files/store_2/goods_155/201312262302356953.jpg', 'data/files/store_2/goods_155/small_201312262302356953.jpg', 1, 93),
(94, 92, 'data/files/store_2/goods_3/201312262303231812.jpg', 'data/files/store_2/goods_3/small_201312262303231812.jpg', 1, 94),
(95, 93, 'data/files/store_2/goods_48/201312262304085587.jpg', 'data/files/store_2/goods_48/small_201312262304085587.jpg', 1, 95),
(96, 94, 'data/files/store_2/goods_93/201312262304537590.jpg', 'data/files/store_2/goods_93/small_201312262304537590.jpg', 1, 96),
(97, 95, 'data/files/store_2/goods_134/201312262305341913.jpg', 'data/files/store_2/goods_134/small_201312262305341913.jpg', 1, 97),
(98, 96, 'data/files/store_2/goods_170/201312262306104597.jpg', 'data/files/store_2/goods_170/small_201312262306104597.jpg', 1, 98),
(99, 97, 'data/files/store_2/goods_27/201312262307078496.jpg', 'data/files/store_2/goods_27/small_201312262307078496.jpg', 1, 99),
(101, 98, 'data/files/store_2/goods_107/201312262308271759.jpg', 'data/files/store_2/goods_107/small_201312262308271759.jpg', 1, 101),
(102, 98, 'data/files/store_2/goods_113/201312262308337745.jpg', 'data/files/store_2/goods_113/small_201312262308337745.jpg', 255, 102),
(103, 98, 'data/files/store_2/goods_154/201312262309145699.jpg', 'data/files/store_2/goods_154/small_201312262309145699.jpg', 255, 103),
(105, 99, 'data/files/store_2/goods_84/201411040524448659.jpg', 'data/files/store_2/goods_84/small_201411040524448659.jpg', 1, 106);

-- --------------------------------------------------------

--
-- 表的结构 `ecm_goods_prop`
--

CREATE TABLE IF NOT EXISTS `ecm_goods_prop` (
  `pid` int(11) NOT NULL AUTO_INCREMENT,
  `name` varchar(50) NOT NULL,
  `status` int(1) NOT NULL,
  `sort_order` int(11) NOT NULL,
  PRIMARY KEY (`pid`)
) ENGINE=MyISAM  DEFAULT CHARSET=utf8 AUTO_INCREMENT=6 ;

--
-- 转存表中的数据 `ecm_goods_prop`
--

INSERT INTO `ecm_goods_prop` (`pid`, `name`, `status`, `sort_order`) VALUES
(1, '品牌', 1, 255),
(2, '类别', 1, 255),
(3, '规格', 1, 255),
(4, '产地', 1, 255),
(5, '价格区间', 1, 255);

-- --------------------------------------------------------

--
-- 表的结构 `ecm_goods_prop_value`
--

CREATE TABLE IF NOT EXISTS `ecm_goods_prop_value` (
  `vid` int(11) NOT NULL AUTO_INCREMENT,
  `pid` int(11) NOT NULL,
  `prop_value` varchar(255) NOT NULL,
  `status` int(1) NOT NULL,
  `sort_order` int(11) NOT NULL,
  PRIMARY KEY (`vid`)
) ENGINE=MyISAM  DEFAULT CHARSET=utf8 AUTO_INCREMENT=15 ;

--
-- 转存表中的数据 `ecm_goods_prop_value`
--

INSERT INTO `ecm_goods_prop_value` (`vid`, `pid`, `prop_value`, `status`, `sort_order`) VALUES
(1, 1, '红富士', 1, 255),
(2, 2, '苹果', 1, 255),
(3, 3, '礼盒装', 1, 255),
(4, 4, '国产', 1, 255),
(5, 5, '0-50', 1, 255),
(6, 1, '杰记水果', 1, 255),
(7, 2, '梨子', 1, 255),
(8, 2, '葡萄', 1, 255),
(9, 2, '红提', 1, 255),
(10, 3, '礼袋装', 1, 255),
(11, 4, '进口', 1, 255),
(12, 5, '50-100', 1, 255),
(13, 5, '100-200', 1, 255),
(14, 5, '200-500', 1, 255);

-- --------------------------------------------------------

--
-- 表的结构 `ecm_goods_pvs`
--

CREATE TABLE IF NOT EXISTS `ecm_goods_pvs` (
  `goods_id` int(11) NOT NULL,
  `pvs` text NOT NULL,
  PRIMARY KEY (`goods_id`)
) ENGINE=MyISAM DEFAULT CHARSET=utf8;

--
-- 转存表中的数据 `ecm_goods_pvs`
--

INSERT INTO `ecm_goods_pvs` (`goods_id`, `pvs`) VALUES
(1, '5:12;4:11;3:3;2:2;1:6'),
(2, ''),
(3, ''),
(4, ''),
(5, ''),
(6, ''),
(7, ''),
(8, ''),
(19, ''),
(20, ''),
(21, ''),
(25, ''),
(26, ''),
(27, ''),
(99, '');

-- --------------------------------------------------------

--
-- 表的结构 `ecm_goods_qa`
--

CREATE TABLE IF NOT EXISTS `ecm_goods_qa` (
  `ques_id` int(10) unsigned NOT NULL AUTO_INCREMENT,
  `question_content` varchar(255) NOT NULL,
  `user_id` int(10) unsigned NOT NULL,
  `store_id` int(10) unsigned NOT NULL,
  `email` varchar(60) NOT NULL,
  `item_id` int(10) unsigned NOT NULL DEFAULT '0',
  `item_name` varchar(255) NOT NULL DEFAULT '',
  `reply_content` varchar(255) NOT NULL,
  `time_post` int(10) unsigned NOT NULL,
  `time_reply` int(10) unsigned NOT NULL,
  `if_new` tinyint(3) unsigned NOT NULL DEFAULT '1',
  `type` varchar(10) NOT NULL DEFAULT 'goods',
  PRIMARY KEY (`ques_id`),
  KEY `user_id` (`user_id`),
  KEY `goods_id` (`item_id`),
  KEY `store_id` (`store_id`)
) ENGINE=MyISAM DEFAULT CHARSET=utf8 AUTO_INCREMENT=1 ;

-- --------------------------------------------------------

--
-- 表的结构 `ecm_goods_spec`
--

CREATE TABLE IF NOT EXISTS `ecm_goods_spec` (
  `spec_id` int(10) unsigned NOT NULL AUTO_INCREMENT,
  `goods_id` int(10) unsigned NOT NULL DEFAULT '0',
  `spec_1` varchar(60) NOT NULL DEFAULT '',
  `spec_2` varchar(60) NOT NULL DEFAULT '',
  `color_rgb` varchar(7) NOT NULL DEFAULT '',
  `price` decimal(10,2) NOT NULL DEFAULT '0.00',
  `stock` int(11) NOT NULL DEFAULT '0',
  `sku` varchar(60) NOT NULL DEFAULT '',
  PRIMARY KEY (`spec_id`),
  KEY `goods_id` (`goods_id`),
  KEY `price` (`price`)
) ENGINE=MyISAM  DEFAULT CHARSET=utf8 AUTO_INCREMENT=103 ;

--
-- 转存表中的数据 `ecm_goods_spec`
--

INSERT INTO `ecm_goods_spec` (`spec_id`, `goods_id`, `spec_1`, `spec_2`, `color_rgb`, `price`, `stock`, `sku`) VALUES
(1, 1, '', '', '', '8.00', 100, ''),
(2, 2, '', '', '', '100.00', 100, ''),
(3, 3, '', '', '', '68.00', 100, ''),
(4, 4, '', '', '', '69.00', 100, ''),
(5, 5, '', '', '', '10.00', 100, ''),
(6, 6, '', '', '', '32.00', 100, ''),
(7, 7, '', '', '', '65.00', 100, ''),
(8, 8, '', '', '', '38.80', 100, ''),
(9, 9, '', '', '', '50.00', 100, ''),
(10, 10, '', '', '', '108.80', 100, ''),
(11, 11, '', '', '', '25.50', 100, ''),
(12, 12, '', '', '', '28.50', 100, ''),
(13, 13, '', '', '', '108.00', 100, ''),
(14, 14, '', '', '', '21.80', 100, ''),
(15, 15, '', '', '', '30.60', 100, ''),
(16, 16, '', '', '', '92.00', 100, ''),
(17, 17, '', '', '', '110.00', 100, ''),
(18, 18, '', '', '', '32.00', 99, ''),
(19, 19, '', '', '', '52.00', 100, ''),
(20, 20, '', '', '', '95.00', 100, ''),
(21, 21, '', '', '', '72.00', 100, ''),
(22, 22, '', '', '', '36.00', 100, ''),
(23, 23, '', '', '', '128.00', 100, ''),
(24, 24, '', '', '', '62.00', 100, ''),
(25, 25, '', '', '', '350.00', 100, ''),
(26, 26, '', '', '', '100.00', 0, ''),
(27, 27, '', '', '', '666.00', 100, ''),
(28, 28, '', '', '', '108.00', 100, ''),
(29, 29, '', '', '', '3.60', 100, ''),
(30, 30, '', '', '', '59.00', 100, ''),
(31, 31, '', '', '', '6.90', 100, ''),
(32, 32, '', '', '', '10.00', 100, ''),
(33, 33, '', '', '', '16.80', 100, ''),
(34, 34, '', '', '', '12.00', 100, ''),
(35, 35, '', '', '', '12.00', 100, ''),
(36, 36, '', '', '', '22.00', 100, ''),
(37, 37, '', '', '', '20.00', 100, ''),
(38, 38, '', '', '', '21.00', 100, ''),
(39, 39, '', '', '', '80.00', 100, ''),
(40, 40, '', '', '', '2.20', 100, ''),
(41, 41, '', '', '', '2.50', 100, ''),
(42, 42, '', '', '', '2.30', 100, ''),
(43, 43, '', '', '', '7.30', 100, ''),
(44, 44, '', '', '', '4.10', 100, ''),
(45, 45, '', '', '', '14.80', 100, ''),
(46, 46, '', '', '', '5.80', 100, ''),
(47, 47, '', '', '', '5.50', 100, ''),
(48, 48, '', '', '', '2.60', 100, ''),
(49, 49, '', '', '', '2.60', 100, ''),
(50, 50, '', '', '', '74.00', 100, ''),
(51, 51, '', '', '', '14.00', 100, ''),
(52, 52, '', '', '', '144.00', 100, ''),
(53, 53, '', '', '', '17.50', 100, ''),
(54, 54, '', '', '', '354.00', 100, ''),
(55, 55, '', '', '', '679.00', 100, ''),
(56, 56, '', '', '', '606.00', 100, ''),
(57, 57, '', '', '', '374.00', 100, ''),
(58, 58, '', '', '', '774.00', 100, ''),
(59, 59, '', '', '', '12.00', 100, ''),
(60, 60, '', '', '', '35.80', 100, ''),
(61, 61, '', '', '', '24.90', 0, ''),
(62, 62, '', '', '', '46.60', 100, ''),
(63, 63, '', '', '', '215.00', 100, ''),
(64, 64, '', '', '', '202.00', 100, ''),
(65, 65, '', '', '', '158.00', 100, ''),
(66, 66, '', '', '', '2.90', 100, ''),
(67, 67, '', '', '', '23.80', 100, ''),
(68, 68, '', '', '', '5.10', 100, ''),
(69, 69, '', '', '', '45.00', 100, ''),
(70, 70, '', '', '', '850.00', 100, ''),
(71, 71, '', '', '', '750.00', 100, ''),
(72, 72, '', '', '', '690.00', 100, ''),
(73, 73, '', '', '', '850.00', 100, ''),
(74, 74, '', '', '', '2090.00', 100, ''),
(75, 75, '', '', '', '173.00', 100, ''),
(76, 76, '', '', '', '390.00', 100, ''),
(77, 77, '', '', '', '169.00', 100, ''),
(78, 78, '', '', '', '129.00', 100, ''),
(79, 79, '', '', '', '69.00', 100, ''),
(80, 80, '', '', '', '89.00', 100, ''),
(81, 81, '', '', '', '699.00', 100, ''),
(82, 82, '', '', '', '499.00', 100, ''),
(83, 83, '', '', '', '269.00', 100, ''),
(84, 84, '', '', '', '170.00', 100, ''),
(85, 85, '', '', '', '399.00', 100, ''),
(86, 86, '', '', '', '259.00', 100, ''),
(87, 87, '', '', '', '88.00', 100, ''),
(88, 88, '', '', '', '249.00', 100, ''),
(89, 89, '', '', '', '239.00', 100, ''),
(90, 90, '', '', '', '270.00', 100, ''),
(91, 91, '', '', '', '1298.00', 100, ''),
(92, 92, '', '', '', '495.00', 100, ''),
(93, 93, '', '', '', '199.00', 100, ''),
(94, 94, '', '', '', '599.00', 100, ''),
(95, 95, '', '', '', '688.00', 100, ''),
(96, 96, '', '', '', '1749.00', 100, ''),
(97, 97, '', '', '', '1549.00', 100, ''),
(98, 98, '', '', '', '1588.00', 100, ''),
(99, 99, '红色', 'S', '', '0.10', 1000, ''),
(100, 99, '红色', 'M', '', '0.10', 1000, ''),
(101, 99, '绿色', 'S', '', '0.10', 1000, ''),
(102, 99, '绿色', 'M', '', '0.10', 1000, '');

-- --------------------------------------------------------

--
-- 表的结构 `ecm_goods_statistics`
--

CREATE TABLE IF NOT EXISTS `ecm_goods_statistics` (
  `goods_id` int(10) unsigned NOT NULL DEFAULT '0',
  `views` int(10) unsigned NOT NULL DEFAULT '0',
  `collects` int(10) unsigned NOT NULL DEFAULT '0',
  `carts` int(10) unsigned NOT NULL DEFAULT '0',
  `orders` int(10) unsigned NOT NULL DEFAULT '0',
  `sales` int(10) unsigned NOT NULL DEFAULT '0',
  `comments` int(11) unsigned NOT NULL DEFAULT '0',
  PRIMARY KEY (`goods_id`)
) ENGINE=MyISAM DEFAULT CHARSET=utf8;

--
-- 转存表中的数据 `ecm_goods_statistics`
--

INSERT INTO `ecm_goods_statistics` (`goods_id`, `views`, `collects`, `carts`, `orders`, `sales`, `comments`) VALUES
(1, 0, 0, 0, 0, 0, 0),
(2, 0, 0, 0, 0, 0, 0),
(3, 1, 0, 0, 0, 0, 0),
(4, 0, 0, 0, 0, 0, 0),
(5, 0, 0, 0, 0, 0, 0),
(6, 0, 0, 0, 0, 0, 0),
(7, 0, 0, 0, 0, 0, 0),
(8, 0, 0, 0, 0, 0, 0),
(9, 2, 0, 0, 0, 0, 0),
(10, 1, 0, 0, 0, 0, 0),
(11, 0, 0, 0, 0, 0, 0),
(12, 2, 0, 0, 0, 0, 0),
(13, 0, 0, 0, 0, 0, 0),
(14, 0, 0, 0, 0, 0, 0),
(15, 0, 0, 0, 0, 0, 0),
(16, 0, 0, 0, 0, 0, 0),
(17, 0, 0, 0, 0, 0, 0),
(18, 1, 0, 1, 1, 0, 0),
(19, 0, 0, 0, 0, 0, 0),
(20, 0, 0, 0, 0, 0, 0),
(21, 0, 0, 0, 0, 0, 0),
(22, 0, 0, 0, 0, 0, 0),
(23, 0, 0, 0, 0, 0, 0),
(24, 0, 0, 0, 0, 0, 0),
(25, 0, 0, 0, 0, 0, 0),
(26, 0, 0, 0, 0, 0, 0),
(27, 2, 0, 0, 0, 0, 0),
(28, 0, 0, 0, 0, 0, 0),
(29, 0, 0, 0, 0, 0, 0),
(30, 0, 0, 0, 0, 0, 0),
(31, 0, 0, 0, 0, 0, 0),
(32, 0, 0, 0, 0, 0, 0),
(33, 0, 0, 0, 0, 0, 0),
(34, 0, 0, 0, 0, 0, 0),
(35, 0, 0, 0, 0, 0, 0),
(36, 0, 0, 0, 0, 0, 0),
(37, 0, 0, 0, 0, 0, 0),
(38, 1, 0, 0, 0, 0, 0),
(39, 0, 0, 0, 0, 0, 0),
(40, 0, 0, 0, 0, 0, 0),
(41, 0, 0, 0, 0, 0, 0),
(42, 0, 0, 0, 0, 0, 0),
(43, 0, 0, 0, 0, 0, 0),
(44, 0, 0, 0, 0, 0, 0),
(45, 0, 0, 0, 0, 0, 0),
(46, 0, 0, 0, 0, 0, 0),
(47, 2, 0, 0, 0, 0, 0),
(48, 0, 0, 0, 0, 0, 0),
(49, 0, 0, 0, 0, 0, 0),
(50, 0, 0, 0, 0, 0, 0),
(51, 0, 0, 0, 0, 0, 0),
(52, 0, 0, 0, 0, 0, 0),
(53, 0, 0, 0, 0, 0, 0),
(54, 0, 0, 0, 0, 0, 0),
(55, 0, 0, 0, 0, 0, 0),
(56, 0, 0, 0, 0, 0, 0),
(57, 0, 0, 0, 0, 0, 0),
(58, 0, 0, 0, 0, 0, 0),
(59, 0, 0, 0, 0, 0, 0),
(60, 0, 0, 0, 0, 0, 0),
(61, 0, 0, 0, 0, 0, 0),
(62, 0, 0, 0, 0, 0, 0),
(63, 0, 0, 0, 0, 0, 0),
(64, 0, 0, 0, 0, 0, 0),
(65, 0, 0, 0, 0, 0, 0),
(66, 0, 0, 0, 0, 0, 0),
(67, 0, 0, 0, 0, 0, 0),
(68, 0, 0, 0, 0, 0, 0),
(69, 0, 0, 0, 0, 0, 0),
(70, 0, 0, 0, 0, 0, 0),
(71, 0, 0, 0, 0, 0, 0),
(72, 0, 0, 0, 0, 0, 0),
(73, 0, 0, 0, 0, 0, 0),
(74, 1, 0, 0, 0, 0, 0),
(75, 0, 0, 0, 0, 0, 0),
(76, 0, 0, 0, 0, 0, 0),
(77, 0, 0, 0, 0, 0, 0),
(78, 0, 0, 0, 0, 0, 0),
(79, 0, 0, 0, 0, 0, 0),
(80, 3, 0, 0, 0, 0, 0),
(81, 0, 0, 0, 0, 0, 0),
(82, 0, 0, 0, 0, 0, 0),
(83, 0, 0, 0, 0, 0, 0),
(84, 0, 0, 0, 0, 0, 0),
(85, 0, 0, 0, 0, 0, 0),
(86, 0, 0, 0, 0, 0, 0),
(87, 0, 0, 0, 0, 0, 0),
(88, 0, 0, 0, 0, 0, 0),
(89, 0, 0, 0, 0, 0, 0),
(90, 4, 0, 0, 0, 0, 0),
(91, 0, 0, 0, 0, 0, 0),
(92, 0, 0, 0, 0, 0, 0),
(93, 1, 0, 0, 0, 0, 0),
(94, 1, 0, 0, 0, 0, 0),
(95, 0, 0, 0, 0, 0, 0),
(96, 2, 0, 0, 0, 0, 0),
(97, 0, 0, 0, 0, 0, 0),
(98, 0, 0, 0, 0, 0, 0),
(99, 3, 0, 1, 0, 0, 0);

-- --------------------------------------------------------

--
-- 表的结构 `ecm_groupbuy`
--

CREATE TABLE IF NOT EXISTS `ecm_groupbuy` (
  `group_id` int(10) unsigned NOT NULL AUTO_INCREMENT,
  `group_name` varchar(255) NOT NULL DEFAULT '',
  `group_image` varchar(255) NOT NULL,
  `group_desc` varchar(255) NOT NULL DEFAULT '',
  `start_time` int(10) unsigned NOT NULL DEFAULT '0',
  `end_time` int(10) unsigned NOT NULL DEFAULT '0',
  `goods_id` int(10) unsigned NOT NULL DEFAULT '0',
  `store_id` int(10) unsigned NOT NULL DEFAULT '0',
  `spec_price` text NOT NULL,
  `min_quantity` smallint(5) unsigned NOT NULL DEFAULT '0',
  `max_per_user` smallint(5) unsigned NOT NULL DEFAULT '0',
  `state` tinyint(3) unsigned NOT NULL DEFAULT '0',
  `recommended` tinyint(3) unsigned NOT NULL DEFAULT '0',
  `views` int(10) unsigned NOT NULL DEFAULT '0',
  PRIMARY KEY (`group_id`),
  KEY `goods_id` (`goods_id`),
  KEY `store_id` (`store_id`)
) ENGINE=MyISAM  DEFAULT CHARSET=utf8 AUTO_INCREMENT=2 ;

--
-- 转存表中的数据 `ecm_groupbuy`
--

INSERT INTO `ecm_groupbuy` (`group_id`, `group_name`, `group_image`, `group_desc`, `start_time`, `end_time`, `goods_id`, `store_id`, `spec_price`, `min_quantity`, `max_per_user`, `state`, `recommended`, `views`) VALUES
(1, '测试团购商品', '', '测试团购商品', 1403694347, 1435910399, 99, 2, 'a:4:{i:99;a:1:{s:5:"price";s:4:"0.10";}i:100;a:1:{s:5:"price";s:4:"0.10";}i:101;a:1:{s:5:"price";s:4:"0.10";}i:102;a:1:{s:5:"price";s:4:"0.10";}}', 1000, 1, 1, 0, 1);

-- --------------------------------------------------------

--
-- 表的结构 `ecm_groupbuy_log`
--

CREATE TABLE IF NOT EXISTS `ecm_groupbuy_log` (
  `group_id` int(10) unsigned NOT NULL DEFAULT '0',
  `user_id` int(10) unsigned NOT NULL DEFAULT '0',
  `user_name` varchar(60) NOT NULL DEFAULT '',
  `quantity` smallint(5) unsigned NOT NULL DEFAULT '0',
  `spec_quantity` text NOT NULL,
  `linkman` varchar(60) NOT NULL DEFAULT '',
  `tel` varchar(60) NOT NULL DEFAULT '',
  `order_id` int(10) unsigned NOT NULL DEFAULT '0',
  `add_time` int(10) unsigned NOT NULL DEFAULT '0',
  PRIMARY KEY (`group_id`,`user_id`)
) ENGINE=MyISAM DEFAULT CHARSET=utf8;

-- --------------------------------------------------------

--
-- 表的结构 `ecm_kmenus`
--

CREATE TABLE IF NOT EXISTS `ecm_kmenus` (
  `kmenus_id` int(10) unsigned NOT NULL,
  `stypeinfo` tinyint(3) unsigned NOT NULL DEFAULT '1',
  `status` tinyint(3) unsigned NOT NULL DEFAULT '0',
  `stype` tinyint(3) unsigned NOT NULL DEFAULT '1',
  PRIMARY KEY (`kmenus_id`)
) ENGINE=MyISAM DEFAULT CHARSET=utf8;

--
-- 转存表中的数据 `ecm_kmenus`
--

INSERT INTO `ecm_kmenus` (`kmenus_id`, `stypeinfo`, `status`, `stype`) VALUES
(2, 3, 0, 1);

-- --------------------------------------------------------

--
-- 表的结构 `ecm_kmenusinfo`
--

CREATE TABLE IF NOT EXISTS `ecm_kmenusinfo` (
  `kmenusinfo_id` int(10) unsigned NOT NULL AUTO_INCREMENT,
  `kmenus_id` int(10) unsigned NOT NULL DEFAULT '0',
  `title` varchar(60) NOT NULL DEFAULT '',
  `color` varchar(20) NOT NULL DEFAULT '',
  `loadurl` varchar(255) NOT NULL DEFAULT '',
  `imgurl` varchar(255) NOT NULL DEFAULT '',
  `nums` tinyint(3) unsigned NOT NULL DEFAULT '255',
  PRIMARY KEY (`kmenusinfo_id`)
) ENGINE=MyISAM  DEFAULT CHARSET=utf8 AUTO_INCREMENT=4 ;

--
-- 转存表中的数据 `ecm_kmenusinfo`
--

INSERT INTO `ecm_kmenusinfo` (`kmenusinfo_id`, `kmenus_id`, `title`, `color`, `loadurl`, `imgurl`, `nums`) VALUES
(1, 2, '', 'FFB92E', 'tel:12345678', 'http://vmall.vchuang.cn/mall/kmenus/plugmenu1.png', 1),
(2, 2, '客服QQ', '088CFF', 'http://wpa.qq.com/msgrd?v=3&uin=361818525&site=qq&menu=yes', 'http://vmall.vchuang.cn/mall/kmenus/plugmenu20.png', 2),
(3, 2, '购物', 'FF47E0', 'http://vmall.vchuang.cn/index.php?app=cart', 'http://vmall.vchuang.cn/mall/kmenus/plugmenu9.png', 3);

-- --------------------------------------------------------

--
-- 表的结构 `ecm_lottery`
--

CREATE TABLE IF NOT EXISTS `ecm_lottery` (
  `id` int(10) unsigned NOT NULL AUTO_INCREMENT,
  `title` varchar(60) NOT NULL DEFAULT '' COMMENT '活动名称',
  `store_id` int(10) unsigned NOT NULL DEFAULT '0',
  `statdate` int(10) unsigned NOT NULL DEFAULT '0' COMMENT '开始时间',
  `enddate` int(10) unsigned NOT NULL DEFAULT '0' COMMENT '结束时间',
  `startinfo` varchar(255) NOT NULL DEFAULT '' COMMENT '活动规则',
  `info` varchar(255) NOT NULL DEFAULT '' COMMENT '活动说明',
  `startpicurl` varchar(255) NOT NULL DEFAULT '' COMMENT '开始图片',
  `endinfo` varchar(255) NOT NULL DEFAULT '' COMMENT '结束说明',
  `endpicurl` varchar(255) NOT NULL DEFAULT '' COMMENT '结束图片',
  `fist` varchar(255) NOT NULL DEFAULT '',
  `fistnums` int(10) unsigned NOT NULL DEFAULT '0',
  `second` varchar(255) NOT NULL DEFAULT '',
  `secondnums` int(10) unsigned NOT NULL DEFAULT '0',
  `third` varchar(255) NOT NULL DEFAULT '',
  `thirdnums` int(10) unsigned NOT NULL DEFAULT '0',
  `dayflag` tinyint(4) unsigned NOT NULL DEFAULT '0' COMMENT '抽奖方式',
  `allpeople` varchar(255) NOT NULL DEFAULT '' COMMENT '中奖概率',
  `joinnum` int(10) unsigned NOT NULL DEFAULT '0' COMMENT '加入人数',
  `checkpwd` varchar(255) NOT NULL DEFAULT '' COMMENT '兑奖密码',
  `displayjpnums` tinyint(4) unsigned NOT NULL DEFAULT '1' COMMENT '是否显示奖品数量',
  `click` int(10) unsigned NOT NULL DEFAULT '0' COMMENT '点击数量',
  `status` tinyint(3) unsigned NOT NULL DEFAULT '0',
  PRIMARY KEY (`id`)
) ENGINE=MyISAM  DEFAULT CHARSET=utf8 AUTO_INCREMENT=5 ;

--
-- 转存表中的数据 `ecm_lottery`
--

INSERT INTO `ecm_lottery` (`id`, `title`, `store_id`, `statdate`, `enddate`, `startinfo`, `info`, `startpicurl`, `endinfo`, `endpicurl`, `fist`, `fistnums`, `second`, `secondnums`, `third`, `thirdnums`, `dayflag`, `allpeople`, `joinnum`, `checkpwd`, `displayjpnums`, `click`, `status`) VALUES
(4, '大转盘活动', 2, 1400025600, 1400544000, '123123', '亲，请点击进入大转盘活123动页面，祝您好运哦！', '', '亲，活动已经结束，请继续关注我们的后续活动哦。', '', '1', 2, '1', 2, '1', 2, 1, '1', 2, '', 0, 0, 1),
(3, '1212', 2, 1400112000, 1401494400, '活动规则', '1', 'data/files/store_2/lottery/201405211419571075.png', '2', 'data/files/store_2/lottery/201405211419576308.png', '1', 1, '2', 2, '3', 3, 1, '1', 2, '123456', 0, 0, 0);

-- --------------------------------------------------------

--
-- 表的结构 `ecm_mail_queue`
--

CREATE TABLE IF NOT EXISTS `ecm_mail_queue` (
  `queue_id` int(11) unsigned NOT NULL AUTO_INCREMENT,
  `mail_to` varchar(150) NOT NULL DEFAULT '',
  `mail_encoding` varchar(50) NOT NULL DEFAULT '',
  `mail_subject` varchar(255) NOT NULL DEFAULT '',
  `mail_body` text NOT NULL,
  `priority` tinyint(1) unsigned NOT NULL DEFAULT '2',
  `err_num` tinyint(1) unsigned NOT NULL DEFAULT '0',
  `add_time` int(11) NOT NULL DEFAULT '0',
  `lock_expiry` int(11) NOT NULL DEFAULT '0',
  PRIMARY KEY (`queue_id`)
) ENGINE=MyISAM  DEFAULT CHARSET=utf8 AUTO_INCREMENT=3 ;

--
-- 转存表中的数据 `ecm_mail_queue`
--

INSERT INTO `ecm_mail_queue` (`queue_id`, `mail_to`, `mail_encoding`, `mail_subject`, `mail_body`, `priority`, `err_num`, `add_time`, `lock_expiry`) VALUES
(1, '123456@qq.com', 'utf-8', 'ECMall提醒:您的订单已生成', '<p>尊敬的buyer:</p>\r\n<p style="padding-left: 30px;">您在ECMall上下的订单已生成，订单号1335948628。</p>\r\n<p style="padding-left: 30px;">查看订单详细信息请点击以下链接</p>\r\n<p style="padding-left: 30px;"><a href="http://ecmall.taocz.60data.com/index.php?app=buyer_order&amp;act=view&amp;order_id=1">http://ecmall.taocz.60data.com/index.php?app=buyer_order&amp;act=view&amp;order_id=1</a></p>\r\n<p style="text-align: right;">ECMall</p>\r\n<p style="text-align: right;">2013-12-26 23:31</p>', 1, 0, 1388043112, 0),
(2, '123456@qq.com', 'utf-8', 'ECMall提醒:您有一个新订单需要处理', '<p>尊敬的超级店铺:</p>\r\n<p style="padding-left: 30px;">您有一个新的订单需要处理，订单号1335948628，请尽快处理。</p>\r\n<p style="padding-left: 30px;">查看订单详细信息请点击以下链接</p>\r\n<p style="padding-left: 30px;"><a href="http://ecmall.taocz.60data.com/index.php?app=seller_order&amp;act=view&amp;order_id=1">http://ecmall.taocz.60data.com/index.php?app=seller_order&amp;act=view&amp;order_id=1</a></p>\r\n<p style="padding-left: 30px;">查看您的订单列表管理页请点击以下链接</p>\r\n<p style="padding-left: 30px;"><a href="http://ecmall.taocz.60data.com/index.php?app=seller_order">http://ecmall.taocz.60data.com/index.php?app=seller_order</a></p>\r\n<p style="text-align: right;">ECMall</p>\r\n<p style="text-align: right;">2013-12-26 23:31</p>', 1, 0, 1388043113, 0);

-- --------------------------------------------------------

--
-- 表的结构 `ecm_member`
--

CREATE TABLE IF NOT EXISTS `ecm_member` (
  `user_id` int(10) unsigned NOT NULL AUTO_INCREMENT,
  `user_name` varchar(60) NOT NULL DEFAULT '',
  `email` varchar(60) NOT NULL DEFAULT '',
  `password` varchar(32) NOT NULL DEFAULT '',
  `real_name` varchar(60) DEFAULT NULL,
  `gender` tinyint(3) unsigned NOT NULL DEFAULT '0',
  `birthday` date DEFAULT NULL,
  `phone_tel` varchar(60) DEFAULT NULL,
  `phone_mob` varchar(60) DEFAULT NULL,
  `im_qq` varchar(60) DEFAULT NULL,
  `im_msn` varchar(60) DEFAULT NULL,
  `im_skype` varchar(60) DEFAULT NULL,
  `im_yahoo` varchar(60) DEFAULT NULL,
  `im_aliww` varchar(60) DEFAULT NULL,
  `reg_time` int(10) unsigned DEFAULT '0',
  `last_login` int(10) unsigned DEFAULT NULL,
  `last_ip` varchar(15) DEFAULT NULL,
  `logins` int(10) unsigned NOT NULL DEFAULT '0',
  `ugrade` tinyint(3) unsigned NOT NULL DEFAULT '0',
  `portrait` varchar(255) DEFAULT NULL,
  `outer_id` int(10) unsigned NOT NULL DEFAULT '0',
  `activation` varchar(60) DEFAULT NULL,
  `feed_config` text NOT NULL,
  PRIMARY KEY (`user_id`),
  KEY `user_name` (`user_name`),
  KEY `email` (`email`),
  KEY `outer_id` (`outer_id`)
) ENGINE=MyISAM  DEFAULT CHARSET=utf8 AUTO_INCREMENT=4 ;

--
-- 转存表中的数据 `ecm_member`
--

INSERT INTO `ecm_member` (`user_id`, `user_name`, `email`, `password`, `real_name`, `gender`, `birthday`, `phone_tel`, `phone_mob`, `im_qq`, `im_msn`, `im_skype`, `im_yahoo`, `im_aliww`, `reg_time`, `last_login`, `last_ip`, `logins`, `ugrade`, `portrait`, `outer_id`, `activation`, `feed_config`) VALUES
(1, 'admin', 'admin@qq.com', '7fef6171469e80d32c0559f88b377245', '', 0, NULL, NULL, NULL, '', '', NULL, NULL, NULL, 1388016632, 1415021313, '125.78.127.89', 18, 0, '', 0, NULL, ''),
(2, 'seller', '123456@qq.com', 'e10adc3949ba59abbe56e057f20f883e', NULL, 0, NULL, NULL, NULL, NULL, NULL, NULL, NULL, NULL, 1388031020, 1415021054, '125.78.127.89', 11, 0, NULL, 0, NULL, ''),
(3, 'buyer', '123456@qq.com', 'e10adc3949ba59abbe56e057f20f883e', NULL, 0, NULL, NULL, NULL, NULL, NULL, NULL, NULL, NULL, 1388031042, 1388042994, '222.247.105.95', 2, 0, NULL, 0, NULL, '');

-- --------------------------------------------------------

--
-- 表的结构 `ecm_membership_card_info`
--

CREATE TABLE IF NOT EXISTS `ecm_membership_card_info` (
  `membership_card_info_id` int(10) unsigned NOT NULL AUTO_INCREMENT,
  `store_id` int(10) unsigned NOT NULL DEFAULT '0',
  `user_id` int(10) unsigned NOT NULL DEFAULT '0',
  `user_name` varchar(100) NOT NULL DEFAULT '',
  `card_num` int(10) NOT NULL,
  `phone` varchar(20) NOT NULL DEFAULT '',
  `sex` tinyint(1) unsigned NOT NULL DEFAULT '0',
  `region_id` int(10) unsigned DEFAULT NULL,
  `region_name` varchar(100) DEFAULT '',
  `address` varchar(255) NOT NULL DEFAULT '',
  `create_time` int(10) unsigned DEFAULT NULL,
  `status` tinyint(1) unsigned NOT NULL DEFAULT '1',
  PRIMARY KEY (`membership_card_info_id`)
) ENGINE=MyISAM DEFAULT CHARSET=utf8 AUTO_INCREMENT=1 ;

-- --------------------------------------------------------

--
-- 表的结构 `ecm_membership_setting`
--

CREATE TABLE IF NOT EXISTS `ecm_membership_setting` (
  `membership_setting_id` int(10) unsigned NOT NULL DEFAULT '0',
  `title` varchar(60) NOT NULL DEFAULT '',
  `cover_image` varchar(100) NOT NULL DEFAULT '',
  `region_id` int(10) unsigned DEFAULT NULL,
  `region_name` varchar(100) DEFAULT NULL,
  `address` varchar(100) DEFAULT NULL,
  `phone` varchar(100) DEFAULT NULL,
  `card_name` varchar(60) NOT NULL DEFAULT '',
  `card_name_color` varchar(10) NOT NULL DEFAULT '',
  `bg` varchar(255) NOT NULL DEFAULT '',
  `card_bg` varchar(100) NOT NULL DEFAULT '',
  `card_num_color` varchar(10) NOT NULL DEFAULT '',
  `card_description` varchar(255) NOT NULL DEFAULT '',
  PRIMARY KEY (`membership_setting_id`)
) ENGINE=MyISAM DEFAULT CHARSET=utf8;

--
-- 转存表中的数据 `ecm_membership_setting`
--

INSERT INTO `ecm_membership_setting` (`membership_setting_id`, `title`, `cover_image`, `region_id`, `region_name`, `address`, `phone`, `card_name`, `card_name_color`, `bg`, `card_bg`, `card_num_color`, `card_description`) VALUES
(2, '微创动力会员卡', '', 1, '中国', '北京', '010-12345678', '微创动力会员卡', 'FFFFFF', '', 'themes/mall/taocz/styles/default/images/huodong/membership_card/card_bg/card_bg05.png', 'FFFFFF', '会员卡说明');

-- --------------------------------------------------------

--
-- 表的结构 `ecm_message`
--

CREATE TABLE IF NOT EXISTS `ecm_message` (
  `msg_id` int(10) unsigned NOT NULL AUTO_INCREMENT,
  `from_id` int(10) unsigned NOT NULL DEFAULT '0',
  `to_id` int(10) unsigned NOT NULL DEFAULT '0',
  `title` varchar(100) NOT NULL DEFAULT '',
  `content` text NOT NULL,
  `add_time` int(10) unsigned NOT NULL DEFAULT '0',
  `last_update` int(10) unsigned NOT NULL DEFAULT '0',
  `new` tinyint(3) unsigned NOT NULL DEFAULT '0',
  `parent_id` int(10) unsigned NOT NULL DEFAULT '0',
  `status` tinyint(3) unsigned NOT NULL DEFAULT '0',
  PRIMARY KEY (`msg_id`),
  KEY `from_id` (`from_id`),
  KEY `to_id` (`to_id`),
  KEY `parent_id` (`parent_id`)
) ENGINE=MyISAM  DEFAULT CHARSET=utf8 AUTO_INCREMENT=2 ;

--
-- 转存表中的数据 `ecm_message`
--

INSERT INTO `ecm_message` (`msg_id`, `from_id`, `to_id`, `title`, `content`, `add_time`, `last_update`, `new`, `parent_id`, `status`) VALUES
(1, 0, 2, '', '恭喜，您的店铺已开通，赶快来用户中心发布商品吧。', 1388031275, 1388031275, 0, 0, 3);

-- --------------------------------------------------------

--
-- 表的结构 `ecm_module`
--

CREATE TABLE IF NOT EXISTS `ecm_module` (
  `module_id` varchar(30) NOT NULL DEFAULT '',
  `module_name` varchar(100) NOT NULL DEFAULT '',
  `module_version` varchar(5) NOT NULL DEFAULT '',
  `module_desc` text NOT NULL,
  `module_config` text NOT NULL,
  `enabled` tinyint(1) NOT NULL DEFAULT '0',
  PRIMARY KEY (`module_id`)
) ENGINE=MyISAM DEFAULT CHARSET=utf8;

--
-- 转存表中的数据 `ecm_module`
--

INSERT INTO `ecm_module` (`module_id`, `module_name`, `module_version`, `module_desc`, `module_config`, `enabled`) VALUES
('datacall', '数据调用', '1.0', '可以在商城以外调用商城的数据', '', 1),
('msg', '手机短信', '1.0', '安装以后，用户可以使用手机短信收发功能', '', 1);

-- --------------------------------------------------------

--
-- 表的结构 `ecm_msg`
--

CREATE TABLE IF NOT EXISTS `ecm_msg` (
  `id` int(10) unsigned NOT NULL AUTO_INCREMENT,
  `user_id` int(10) unsigned NOT NULL DEFAULT '0',
  `user_name` varchar(100) DEFAULT NULL,
  `mobile` varchar(100) DEFAULT NULL,
  `num` int(10) unsigned NOT NULL DEFAULT '0',
  `functions` varchar(255) DEFAULT NULL,
  `state` tinyint(3) unsigned NOT NULL DEFAULT '0',
  PRIMARY KEY (`id`)
) ENGINE=MyISAM DEFAULT CHARSET=utf8 AUTO_INCREMENT=1 ;

-- --------------------------------------------------------

--
-- 表的结构 `ecm_msglog`
--

CREATE TABLE IF NOT EXISTS `ecm_msglog` (
  `id` int(10) unsigned NOT NULL AUTO_INCREMENT,
  `user_id` int(10) unsigned NOT NULL DEFAULT '0',
  `user_name` varchar(100) DEFAULT NULL,
  `to_mobile` varchar(100) DEFAULT NULL,
  `content` text,
  `state` varchar(100) DEFAULT NULL,
  `type` int(10) unsigned DEFAULT '0',
  `time` int(10) unsigned DEFAULT NULL,
  PRIMARY KEY (`id`)
) ENGINE=MyISAM DEFAULT CHARSET=utf8 AUTO_INCREMENT=1 ;

-- --------------------------------------------------------

--
-- 表的结构 `ecm_navigation`
--

CREATE TABLE IF NOT EXISTS `ecm_navigation` (
  `nav_id` int(10) unsigned NOT NULL AUTO_INCREMENT,
  `type` varchar(10) NOT NULL DEFAULT '',
  `title` varchar(60) NOT NULL DEFAULT '',
  `link` varchar(255) NOT NULL DEFAULT '',
  `sort_order` tinyint(3) unsigned NOT NULL DEFAULT '255',
  `open_new` tinyint(3) unsigned NOT NULL DEFAULT '0',
  `hot` tinyint(3) NOT NULL DEFAULT '0',
  PRIMARY KEY (`nav_id`)
) ENGINE=MyISAM  DEFAULT CHARSET=utf8 AUTO_INCREMENT=3 ;

--
-- 转存表中的数据 `ecm_navigation`
--

INSERT INTO `ecm_navigation` (`nav_id`, `type`, `title`, `link`, `sort_order`, `open_new`, `hot`) VALUES
(1, 'middle', '官方淘宝店', 'http://vchuangcn.taobao.com/', 3, 0, 0),
(2, 'middle', '团购', '/index.php?app=search&act=groupbuy', 2, 0, 0);

-- --------------------------------------------------------

--
-- 表的结构 `ecm_order`
--

CREATE TABLE IF NOT EXISTS `ecm_order` (
  `order_id` int(10) unsigned NOT NULL AUTO_INCREMENT,
  `order_sn` varchar(20) NOT NULL DEFAULT '',
  `type` varchar(10) NOT NULL DEFAULT 'material',
  `extension` varchar(10) NOT NULL DEFAULT '',
  `seller_id` int(10) unsigned NOT NULL DEFAULT '0',
  `seller_name` varchar(100) DEFAULT NULL,
  `buyer_id` int(10) unsigned NOT NULL DEFAULT '0',
  `buyer_name` varchar(100) DEFAULT NULL,
  `buyer_email` varchar(60) NOT NULL DEFAULT '',
  `status` tinyint(3) unsigned NOT NULL DEFAULT '0',
  `add_time` int(10) unsigned NOT NULL DEFAULT '0',
  `payment_id` int(10) unsigned DEFAULT NULL,
  `payment_name` varchar(100) DEFAULT NULL,
  `payment_code` varchar(20) NOT NULL DEFAULT '',
  `out_trade_sn` varchar(20) NOT NULL DEFAULT '',
  `pay_time` int(10) unsigned DEFAULT NULL,
  `pay_message` varchar(255) NOT NULL DEFAULT '',
  `ship_time` int(10) unsigned DEFAULT NULL,
  `invoice_no` varchar(255) DEFAULT NULL,
  `finished_time` int(10) unsigned NOT NULL DEFAULT '0',
  `goods_amount` decimal(10,2) unsigned NOT NULL DEFAULT '0.00',
  `discount` decimal(10,2) unsigned NOT NULL DEFAULT '0.00',
  `order_amount` decimal(10,2) unsigned NOT NULL DEFAULT '0.00',
  `evaluation_status` tinyint(1) unsigned NOT NULL DEFAULT '0',
  `evaluation_time` int(10) unsigned NOT NULL DEFAULT '0',
  `anonymous` tinyint(3) unsigned NOT NULL DEFAULT '0',
  `postscript` varchar(255) NOT NULL DEFAULT '',
  `pay_alter` tinyint(1) unsigned NOT NULL DEFAULT '0',
  PRIMARY KEY (`order_id`),
  KEY `order_sn` (`order_sn`,`seller_id`),
  KEY `seller_name` (`seller_name`),
  KEY `buyer_name` (`buyer_name`),
  KEY `add_time` (`add_time`)
) ENGINE=MyISAM  DEFAULT CHARSET=utf8 AUTO_INCREMENT=2 ;

--
-- 转存表中的数据 `ecm_order`
--

INSERT INTO `ecm_order` (`order_id`, `order_sn`, `type`, `extension`, `seller_id`, `seller_name`, `buyer_id`, `buyer_name`, `buyer_email`, `status`, `add_time`, `payment_id`, `payment_name`, `payment_code`, `out_trade_sn`, `pay_time`, `pay_message`, `ship_time`, `invoice_no`, `finished_time`, `goods_amount`, `discount`, `order_amount`, `evaluation_status`, `evaluation_time`, `anonymous`, `postscript`, `pay_alter`) VALUES
(1, '1335948628', 'material', 'normal', 2, '超级店铺', 3, 'buyer', '123456@qq.com', 11, 1388043112, 1, '支付宝', 'alipay', '1335948628', NULL, '', NULL, NULL, 0, '32.00', '0.00', '32.10', 0, 0, 0, '', 0);

-- --------------------------------------------------------

--
-- 表的结构 `ecm_order_extm`
--

CREATE TABLE IF NOT EXISTS `ecm_order_extm` (
  `order_id` int(10) unsigned NOT NULL DEFAULT '0',
  `consignee` varchar(60) NOT NULL DEFAULT '',
  `region_id` int(10) unsigned DEFAULT NULL,
  `region_name` varchar(255) DEFAULT NULL,
  `address` varchar(255) DEFAULT NULL,
  `zipcode` varchar(20) DEFAULT NULL,
  `phone_tel` varchar(60) DEFAULT NULL,
  `phone_mob` varchar(60) DEFAULT NULL,
  `shipping_id` int(10) unsigned DEFAULT NULL,
  `shipping_name` varchar(100) DEFAULT NULL,
  `shipping_fee` decimal(10,2) NOT NULL DEFAULT '0.00',
  PRIMARY KEY (`order_id`),
  KEY `consignee` (`consignee`)
) ENGINE=MyISAM DEFAULT CHARSET=utf8;

--
-- 转存表中的数据 `ecm_order_extm`
--

INSERT INTO `ecm_order_extm` (`order_id`, `consignee`, `region_id`, `region_name`, `address`, `zipcode`, `phone_tel`, `phone_mob`, `shipping_id`, `shipping_name`, `shipping_fee`) VALUES
(1, '超级买家', 1, '中国', '请如实填写收货人详细地址', '', '', '8888888', 1, '快递', '0.10');

-- --------------------------------------------------------

--
-- 表的结构 `ecm_order_goods`
--

CREATE TABLE IF NOT EXISTS `ecm_order_goods` (
  `rec_id` int(10) unsigned NOT NULL AUTO_INCREMENT,
  `order_id` int(10) unsigned NOT NULL DEFAULT '0',
  `goods_id` int(10) unsigned NOT NULL DEFAULT '0',
  `goods_name` varchar(255) NOT NULL DEFAULT '',
  `spec_id` int(10) unsigned NOT NULL DEFAULT '0',
  `specification` varchar(255) DEFAULT NULL,
  `price` decimal(10,2) unsigned NOT NULL DEFAULT '0.00',
  `quantity` int(10) unsigned NOT NULL DEFAULT '1',
  `goods_image` varchar(255) DEFAULT NULL,
  `evaluation` tinyint(1) unsigned NOT NULL DEFAULT '0',
  `comment` varchar(255) NOT NULL DEFAULT '',
  `credit_value` tinyint(1) NOT NULL DEFAULT '0',
  `is_valid` tinyint(1) unsigned NOT NULL DEFAULT '1',
  PRIMARY KEY (`rec_id`),
  KEY `order_id` (`order_id`,`goods_id`)
) ENGINE=MyISAM  DEFAULT CHARSET=utf8 AUTO_INCREMENT=2 ;

--
-- 转存表中的数据 `ecm_order_goods`
--

INSERT INTO `ecm_order_goods` (`rec_id`, `order_id`, `goods_id`, `goods_name`, `spec_id`, `specification`, `price`, `quantity`, `goods_image`, `evaluation`, `comment`, `credit_value`, `is_valid`) VALUES
(1, 1, 18, '沙洲优黄花开富贵480ml/瓶', 18, '', '32.00', 1, 'data/files/store_2/goods_166/small_201312262109269656.jpg', 0, '', 0, 1);

-- --------------------------------------------------------

--
-- 表的结构 `ecm_order_log`
--

CREATE TABLE IF NOT EXISTS `ecm_order_log` (
  `log_id` int(10) unsigned NOT NULL AUTO_INCREMENT,
  `order_id` int(10) unsigned NOT NULL DEFAULT '0',
  `operator` varchar(60) NOT NULL DEFAULT '',
  `order_status` varchar(60) NOT NULL DEFAULT '',
  `changed_status` varchar(60) NOT NULL DEFAULT '',
  `remark` varchar(255) DEFAULT NULL,
  `log_time` int(10) unsigned NOT NULL DEFAULT '0',
  PRIMARY KEY (`log_id`),
  KEY `order_id` (`order_id`)
) ENGINE=MyISAM DEFAULT CHARSET=utf8 AUTO_INCREMENT=1 ;

-- --------------------------------------------------------

--
-- 表的结构 `ecm_pageview`
--

CREATE TABLE IF NOT EXISTS `ecm_pageview` (
  `rec_id` int(10) unsigned NOT NULL AUTO_INCREMENT,
  `store_id` int(10) unsigned NOT NULL DEFAULT '0',
  `view_date` date NOT NULL DEFAULT '0000-00-00',
  `view_times` int(10) unsigned NOT NULL DEFAULT '1',
  PRIMARY KEY (`rec_id`),
  UNIQUE KEY `storedate` (`store_id`,`view_date`)
) ENGINE=MyISAM DEFAULT CHARSET=utf8 AUTO_INCREMENT=1 ;

-- --------------------------------------------------------

--
-- 表的结构 `ecm_partner`
--

CREATE TABLE IF NOT EXISTS `ecm_partner` (
  `partner_id` int(10) unsigned NOT NULL AUTO_INCREMENT,
  `store_id` int(10) unsigned NOT NULL DEFAULT '0',
  `title` varchar(100) NOT NULL DEFAULT '',
  `link` varchar(255) NOT NULL DEFAULT '',
  `logo` varchar(255) DEFAULT NULL,
  `sort_order` tinyint(3) unsigned NOT NULL DEFAULT '255',
  PRIMARY KEY (`partner_id`),
  KEY `store_id` (`store_id`)
) ENGINE=MyISAM DEFAULT CHARSET=utf8 AUTO_INCREMENT=1 ;

-- --------------------------------------------------------

--
-- 表的结构 `ecm_payment`
--

CREATE TABLE IF NOT EXISTS `ecm_payment` (
  `payment_id` int(10) unsigned NOT NULL AUTO_INCREMENT,
  `store_id` int(10) unsigned NOT NULL DEFAULT '0',
  `payment_code` varchar(20) NOT NULL DEFAULT '',
  `payment_name` varchar(100) NOT NULL DEFAULT '',
  `payment_desc` varchar(255) DEFAULT NULL,
  `config` text,
  `is_online` tinyint(3) unsigned NOT NULL DEFAULT '1',
  `enabled` tinyint(3) unsigned NOT NULL DEFAULT '1',
  `sort_order` tinyint(3) unsigned NOT NULL DEFAULT '255',
  PRIMARY KEY (`payment_id`),
  KEY `store_id` (`store_id`),
  KEY `payment_code` (`payment_code`)
) ENGINE=MyISAM  DEFAULT CHARSET=utf8 AUTO_INCREMENT=5 ;

--
-- 转存表中的数据 `ecm_payment`
--

INSERT INTO `ecm_payment` (`payment_id`, `store_id`, `payment_code`, `payment_name`, `payment_desc`, `config`, `is_online`, `enabled`, `sort_order`) VALUES
(3, 2, 'cod', '货到付款', '', '', 0, 1, 0),
(2, 2, 'bank', '银行汇款', '', '', 0, 1, 0),
(4, 2, 'alipayfree', '支付宝免签接口', '', 'a:2:{s:18:"alipayfree_account";s:15:"yuhui.f@163.com";s:5:"pcode";s:0:"";}', 1, 1, 0);

-- --------------------------------------------------------

--
-- 表的结构 `ecm_privilege`
--

CREATE TABLE IF NOT EXISTS `ecm_privilege` (
  `priv_code` varchar(20) NOT NULL DEFAULT '',
  `priv_name` varchar(60) NOT NULL DEFAULT '',
  `parent_code` varchar(20) DEFAULT NULL,
  `owner` varchar(10) NOT NULL DEFAULT 'mall',
  PRIMARY KEY (`priv_code`)
) ENGINE=MyISAM DEFAULT CHARSET=utf8;

-- --------------------------------------------------------

--
-- 表的结构 `ecm_recommend`
--

CREATE TABLE IF NOT EXISTS `ecm_recommend` (
  `recom_id` int(10) unsigned NOT NULL AUTO_INCREMENT,
  `recom_name` varchar(100) NOT NULL DEFAULT '',
  `store_id` int(10) unsigned NOT NULL DEFAULT '0',
  PRIMARY KEY (`recom_id`),
  KEY `store_id` (`store_id`)
) ENGINE=MyISAM  DEFAULT CHARSET=utf8 AUTO_INCREMENT=3 ;

--
-- 转存表中的数据 `ecm_recommend`
--

INSERT INTO `ecm_recommend` (`recom_id`, `recom_name`, `store_id`) VALUES
(1, '果蔬', 0),
(2, '酒水', 0);

-- --------------------------------------------------------

--
-- 表的结构 `ecm_recommended_goods`
--

CREATE TABLE IF NOT EXISTS `ecm_recommended_goods` (
  `recom_id` int(10) unsigned NOT NULL DEFAULT '0',
  `goods_id` int(10) unsigned NOT NULL DEFAULT '0',
  `sort_order` tinyint(3) unsigned NOT NULL DEFAULT '255',
  PRIMARY KEY (`recom_id`,`goods_id`)
) ENGINE=MyISAM DEFAULT CHARSET=utf8;

--
-- 转存表中的数据 `ecm_recommended_goods`
--

INSERT INTO `ecm_recommended_goods` (`recom_id`, `goods_id`, `sort_order`) VALUES
(2, 27, 255),
(2, 26, 255),
(2, 25, 255),
(2, 24, 255),
(2, 23, 255),
(2, 22, 255),
(2, 21, 255),
(2, 20, 255),
(2, 19, 255),
(2, 18, 255),
(2, 17, 255),
(2, 16, 255),
(1, 15, 255),
(1, 14, 255),
(1, 13, 255),
(1, 12, 255),
(1, 11, 255),
(1, 10, 255),
(1, 9, 255),
(1, 8, 255),
(1, 7, 255),
(1, 6, 255),
(1, 5, 255),
(1, 4, 255),
(1, 3, 255),
(1, 2, 255),
(1, 1, 255);

-- --------------------------------------------------------

--
-- 表的结构 `ecm_region`
--

CREATE TABLE IF NOT EXISTS `ecm_region` (
  `region_id` int(10) unsigned NOT NULL AUTO_INCREMENT,
  `region_name` varchar(100) NOT NULL DEFAULT '',
  `parent_id` int(10) unsigned NOT NULL DEFAULT '0',
  `sort_order` tinyint(3) unsigned NOT NULL DEFAULT '255',
  PRIMARY KEY (`region_id`),
  KEY `parent_id` (`parent_id`)
) ENGINE=MyISAM  DEFAULT CHARSET=utf8 AUTO_INCREMENT=3398 ;

--
-- 转存表中的数据 `ecm_region`
--

INSERT INTO `ecm_region` (`region_id`, `region_name`, `parent_id`, `sort_order`) VALUES
(1, '中国', 0, 255),
(2, '北京', 1, 255),
(3, '北京', 2, 255),
(4, '东城区', 3, 255),
(5, '西城区', 3, 255),
(6, '海淀区', 3, 255),
(7, '朝阳区', 3, 255),
(8, '崇文区', 3, 255),
(9, '宣武区', 3, 255),
(10, '丰台区', 3, 255),
(11, '石景山区', 3, 255),
(12, '房山区', 3, 255),
(13, '门头沟区', 3, 255),
(14, '通州区', 3, 255),
(15, '顺义区', 3, 255),
(16, '昌平区', 3, 255),
(17, '怀柔区', 3, 255),
(18, '平谷区', 3, 255),
(19, '大兴区', 3, 255),
(20, '密云县', 3, 255),
(21, '延庆县', 3, 255),
(22, '安徽', 1, 255),
(23, '安庆', 22, 255),
(24, '迎江区', 23, 255),
(25, '大观区', 23, 255),
(26, '宜秀区', 23, 255),
(27, '桐城市', 23, 255),
(28, '怀宁县', 23, 255),
(29, '枞阳县', 23, 255),
(30, '潜山县', 23, 255),
(31, '太湖县', 23, 255),
(32, '宿松县', 23, 255),
(33, '望江县', 23, 255),
(34, '岳西县', 23, 255),
(35, '蚌埠', 22, 255),
(36, '中市区', 35, 255),
(37, '东市区', 35, 255),
(38, '西市区', 35, 255),
(39, '郊区', 35, 255),
(40, '怀远县', 35, 255),
(41, '五河县', 35, 255),
(42, '固镇县', 35, 255),
(43, '巢湖', 22, 255),
(44, '居巢区', 43, 255),
(45, '庐江县', 43, 255),
(46, '无为县', 43, 255),
(47, '含山县', 43, 255),
(48, '和县', 43, 255),
(49, '池州', 22, 255),
(50, '贵池区', 49, 255),
(51, '东至县', 49, 255),
(52, '石台县', 49, 255),
(53, '青阳县', 49, 255),
(54, '滁州', 22, 255),
(55, '琅琊区', 54, 255),
(56, '南谯区', 54, 255),
(57, '天长市', 54, 255),
(58, '明光市', 54, 255),
(59, '来安县', 54, 255),
(60, '全椒县', 54, 255),
(61, '定远县', 54, 255),
(62, '凤阳县', 54, 255),
(63, '阜阳', 22, 255),
(64, '蚌山区', 63, 255),
(65, '龙子湖区', 63, 255),
(66, '禹会区', 63, 255),
(67, '淮上区', 63, 255),
(68, '颍州区', 63, 255),
(69, '颍东区', 63, 255),
(70, '颍泉区', 63, 255),
(71, '界首市', 63, 255),
(72, '临泉县', 63, 255),
(73, '太和县', 63, 255),
(74, '阜南县', 63, 255),
(75, '颖上县', 63, 255),
(76, '淮北', 22, 255),
(77, '相山区', 76, 255),
(78, '杜集区', 76, 255),
(79, '烈山区', 76, 255),
(80, '濉溪县', 76, 255),
(81, '淮南', 22, 255),
(82, '田家庵区', 81, 255),
(83, '大通区', 81, 255),
(84, '谢家集区', 81, 255),
(85, '八公山区', 81, 255),
(86, '潘集区', 81, 255),
(87, '凤台县', 81, 255),
(88, '黄山', 22, 255),
(89, '屯溪区', 88, 255),
(90, '黄山区', 88, 255),
(91, '徽州区', 88, 255),
(92, '歙县', 88, 255),
(93, '休宁县', 88, 255),
(94, '黟县', 88, 255),
(95, '祁门县', 88, 255),
(96, '六安', 22, 255),
(97, '金安区', 96, 255),
(98, '裕安区', 96, 255),
(99, '寿县', 96, 255),
(100, '霍邱县', 96, 255),
(101, '舒城县', 96, 255),
(102, '金寨县', 96, 255),
(103, '霍山县', 96, 255),
(104, '马鞍山', 22, 255),
(105, '雨山区', 104, 255),
(106, '花山区', 104, 255),
(107, '金家庄区', 104, 255),
(108, '当涂县', 104, 255),
(109, '宿州', 22, 255),
(110, '埇桥区', 109, 255),
(111, '砀山县', 109, 255),
(112, '萧县', 109, 255),
(113, '灵璧县', 109, 255),
(114, '泗县', 109, 255),
(115, '铜陵', 22, 255),
(116, '铜官山区', 115, 255),
(117, '狮子山区', 115, 255),
(118, '郊区', 115, 255),
(119, '铜陵县', 115, 255),
(120, '芜湖', 22, 255),
(121, '镜湖区', 120, 255),
(122, '弋江区', 120, 255),
(123, '鸠江区', 120, 255),
(124, '三山区', 120, 255),
(125, '芜湖县', 120, 255),
(126, '繁昌县', 120, 255),
(127, '南陵县', 120, 255),
(128, '宣城', 22, 255),
(129, '宣州区', 128, 255),
(130, '宁国市', 128, 255),
(131, '郎溪县', 128, 255),
(132, '广德县', 128, 255),
(133, '泾县', 128, 255),
(134, '绩溪县', 128, 255),
(135, '旌德县', 128, 255),
(136, '亳州', 22, 255),
(137, '涡阳县', 136, 255),
(138, '蒙城县', 136, 255),
(139, '利辛县', 136, 255),
(140, '谯城区', 136, 255),
(141, '合肥', 22, 255),
(142, '庐阳区', 141, 255),
(143, '瑶海区', 141, 255),
(144, '蜀山区', 141, 255),
(145, '包河区', 141, 255),
(146, '长丰县', 141, 255),
(147, '肥东县', 141, 255),
(148, '肥西县', 141, 255),
(149, '福建', 1, 255),
(150, '福州', 149, 255),
(151, '鼓楼区', 150, 255),
(152, '台江区', 150, 255),
(153, '仓山区', 150, 255),
(154, '马尾区', 150, 255),
(155, '晋安区', 150, 255),
(156, '福清市', 150, 255),
(157, '长乐市', 150, 255),
(158, '闽侯县', 150, 255),
(159, '连江县', 150, 255),
(160, '罗源县', 150, 255),
(161, '闽清县', 150, 255),
(162, '永泰县', 150, 255),
(163, '平潭县', 150, 255),
(164, '龙岩', 149, 255),
(165, '新罗区', 164, 255),
(166, '漳平市', 164, 255),
(167, '长汀县', 164, 255),
(168, '永定县', 164, 255),
(169, '上杭县', 164, 255),
(170, '武平县', 164, 255),
(171, '连城县', 164, 255),
(172, '南平', 149, 255),
(173, '延平区', 172, 255),
(174, '邵武市', 172, 255),
(175, '武夷山市', 172, 255),
(176, '建瓯市', 172, 255),
(177, '建阳市', 172, 255),
(178, '顺昌县', 172, 255),
(179, '浦城县', 172, 255),
(180, '光泽县', 172, 255),
(181, '松溪县', 172, 255),
(182, '政和县', 172, 255),
(183, '宁德', 149, 255),
(184, '蕉城区', 183, 255),
(185, '福安市', 183, 255),
(186, '福鼎市', 183, 255),
(187, '霞浦县', 183, 255),
(188, '古田县', 183, 255),
(189, '屏南县', 183, 255),
(190, '寿宁县', 183, 255),
(191, '周宁县', 183, 255),
(192, '柘荣县', 183, 255),
(193, '莆田', 149, 255),
(194, '城厢区', 193, 255),
(195, '涵江区', 193, 255),
(196, '荔城区', 193, 255),
(197, '秀屿区', 193, 255),
(198, '仙游县', 193, 255),
(199, '泉州', 149, 255),
(200, '鲤城区', 199, 255),
(201, '丰泽区', 199, 255),
(202, '洛江区', 199, 255),
(203, '清濛开发区', 199, 255),
(204, '泉港区', 199, 255),
(205, '石狮市', 199, 255),
(206, '晋江市', 199, 255),
(207, '南安市', 199, 255),
(208, '惠安县', 199, 255),
(209, '安溪县', 199, 255),
(210, '永春县', 199, 255),
(211, '德化县', 199, 255),
(212, '金门县', 199, 255),
(213, '三明', 149, 255),
(214, '梅列区', 213, 255),
(215, '三元区', 213, 255),
(216, '永安市', 213, 255),
(217, '明溪县', 213, 255),
(218, '清流县', 213, 255),
(219, '宁化县', 213, 255),
(220, '大田县', 213, 255),
(221, '尤溪县', 213, 255),
(222, '沙县', 213, 255),
(223, '将乐县', 213, 255),
(224, '泰宁县', 213, 255),
(225, '建宁县', 213, 255),
(226, '厦门', 149, 255),
(227, '思明区', 226, 255),
(228, '海沧区', 226, 255),
(229, '湖里区', 226, 255),
(230, '集美区', 226, 255),
(231, '同安区', 226, 255),
(232, '翔安区', 226, 255),
(233, '漳州', 149, 255),
(234, '芗城区', 233, 255),
(235, '龙文区', 233, 255),
(236, '龙海市', 233, 255),
(237, '云霄县', 233, 255),
(238, '漳浦县', 233, 255),
(239, '诏安县', 233, 255),
(240, '长泰县', 233, 255),
(241, '东山县', 233, 255),
(242, '南靖县', 233, 255),
(243, '平和县', 233, 255),
(244, '华安县', 233, 255),
(245, '甘肃', 1, 255),
(246, '兰州', 245, 255),
(247, '皋兰县', 246, 255),
(248, '城关区', 246, 255),
(249, '七里河区', 246, 255),
(250, '西固区', 246, 255),
(251, '安宁区', 246, 255),
(252, '红古区', 246, 255),
(253, '永登县', 246, 255),
(254, '榆中县', 246, 255),
(255, '白银', 245, 255),
(256, '白银区', 255, 255),
(257, '平川区', 255, 255),
(258, '会宁县', 255, 255),
(259, '景泰县', 255, 255),
(260, '靖远县', 255, 255),
(261, '定西', 245, 255),
(262, '临洮县', 261, 255),
(263, '陇西县', 261, 255),
(264, '通渭县', 261, 255),
(265, '渭源县', 261, 255),
(266, '漳县', 261, 255),
(267, '岷县', 261, 255),
(268, '安定区', 261, 255),
(269, '甘南', 245, 255),
(270, '合作市', 269, 255),
(271, '临潭县', 269, 255),
(272, '卓尼县', 269, 255),
(273, '舟曲县', 269, 255),
(274, '迭部县', 269, 255),
(275, '玛曲县', 269, 255),
(276, '碌曲县', 269, 255),
(277, '夏河县', 269, 255),
(278, '嘉峪关', 245, 255),
(279, '嘉峪关市', 278, 255),
(280, '金昌', 245, 255),
(281, '金川区', 280, 255),
(282, '永昌县', 280, 255),
(283, '酒泉', 245, 255),
(284, '肃州区', 283, 255),
(285, '玉门市', 283, 255),
(286, '敦煌市', 283, 255),
(287, '金塔县', 283, 255),
(288, '瓜州县', 283, 255),
(289, '肃北', 283, 255),
(290, '阿克塞', 283, 255),
(291, '临夏', 245, 255),
(292, '临夏市', 291, 255),
(293, '临夏县', 291, 255),
(294, '康乐县', 291, 255),
(295, '永靖县', 291, 255),
(296, '广河县', 291, 255),
(297, '和政县', 291, 255),
(298, '东乡族自治县', 291, 255),
(299, '积石山', 291, 255),
(300, '陇南', 245, 255),
(301, '成县', 300, 255),
(302, '徽县', 300, 255),
(303, '康县', 300, 255),
(304, '礼县', 300, 255),
(305, '两当县', 300, 255),
(306, '文县', 300, 255),
(307, '西和县', 300, 255),
(308, '宕昌县', 300, 255),
(309, '武都区', 300, 255),
(310, '平凉', 245, 255),
(311, '崇信县', 310, 255),
(312, '华亭县', 310, 255),
(313, '静宁县', 310, 255),
(314, '灵台县', 310, 255),
(315, '崆峒区', 310, 255),
(316, '庄浪县', 310, 255),
(317, '泾川县', 310, 255),
(318, '庆阳', 245, 255),
(319, '合水县', 318, 255),
(320, '华池县', 318, 255),
(321, '环县', 318, 255),
(322, '宁县', 318, 255),
(323, '庆城县', 318, 255),
(324, '西峰区', 318, 255),
(325, '镇原县', 318, 255),
(326, '正宁县', 318, 255),
(327, '天水', 245, 255),
(328, '甘谷县', 327, 255),
(329, '秦安县', 327, 255),
(330, '清水县', 327, 255),
(331, '秦州区', 327, 255),
(332, '麦积区', 327, 255),
(333, '武山县', 327, 255),
(334, '张家川', 327, 255),
(335, '武威', 245, 255),
(336, '古浪县', 335, 255),
(337, '民勤县', 335, 255),
(338, '天祝', 335, 255),
(339, '凉州区', 335, 255),
(340, '张掖', 245, 255),
(341, '高台县', 340, 255),
(342, '临泽县', 340, 255),
(343, '民乐县', 340, 255),
(344, '山丹县', 340, 255),
(345, '肃南', 340, 255),
(346, '甘州区', 340, 255),
(347, '广东', 1, 255),
(348, '广州', 347, 255),
(349, '从化市', 348, 255),
(350, '天河区', 348, 255),
(351, '东山区', 348, 255),
(352, '白云区', 348, 255),
(353, '海珠区', 348, 255),
(354, '荔湾区', 348, 255),
(355, '越秀区', 348, 255),
(356, '黄埔区', 348, 255),
(357, '番禺区', 348, 255),
(358, '花都区', 348, 255),
(359, '增城区', 348, 255),
(360, '从化区', 348, 255),
(361, '市郊', 348, 255),
(362, '深圳', 347, 255),
(363, '福田区', 362, 255),
(364, '罗湖区', 362, 255),
(365, '南山区', 362, 255),
(366, '宝安区', 362, 255),
(367, '龙岗区', 362, 255),
(368, '盐田区', 362, 255),
(369, '潮州', 347, 255),
(370, '湘桥区', 369, 255),
(371, '潮安县', 369, 255),
(372, '饶平县', 369, 255),
(373, '东莞', 347, 255),
(374, '南城区', 373, 255),
(375, '东城区', 373, 255),
(376, '万江区', 373, 255),
(377, '莞城区', 373, 255),
(378, '石龙镇', 373, 255),
(379, '虎门镇', 373, 255),
(380, '麻涌镇', 373, 255),
(381, '道滘镇', 373, 255),
(382, '石碣镇', 373, 255),
(383, '沙田镇', 373, 255),
(384, '望牛墩镇', 373, 255),
(385, '洪梅镇', 373, 255),
(386, '茶山镇', 373, 255),
(387, '寮步镇', 373, 255),
(388, '大岭山镇', 373, 255),
(389, '大朗镇', 373, 255),
(390, '黄江镇', 373, 255),
(391, '樟木头', 373, 255),
(392, '凤岗镇', 373, 255),
(393, '塘厦镇', 373, 255),
(394, '谢岗镇', 373, 255),
(395, '厚街镇', 373, 255),
(396, '清溪镇', 373, 255),
(397, '常平镇', 373, 255),
(398, '桥头镇', 373, 255),
(399, '横沥镇', 373, 255),
(400, '东坑镇', 373, 255),
(401, '企石镇', 373, 255),
(402, '石排镇', 373, 255),
(403, '长安镇', 373, 255),
(404, '中堂镇', 373, 255),
(405, '高埗镇', 373, 255),
(406, '佛山', 347, 255),
(407, '禅城区', 406, 255),
(408, '南海区', 406, 255),
(409, '顺德区', 406, 255),
(410, '三水区', 406, 255),
(411, '高明区', 406, 255),
(412, '河源', 347, 255),
(413, '东源县', 412, 255),
(414, '和平县', 412, 255),
(415, '源城区', 412, 255),
(416, '连平县', 412, 255),
(417, '龙川县', 412, 255),
(418, '紫金县', 412, 255),
(419, '惠州', 347, 255),
(420, '惠阳区', 419, 255),
(421, '惠城区', 419, 255),
(422, '大亚湾', 419, 255),
(423, '博罗县', 419, 255),
(424, '惠东县', 419, 255),
(425, '龙门县', 419, 255),
(426, '江门', 347, 255),
(427, '江海区', 426, 255),
(428, '蓬江区', 426, 255),
(429, '新会区', 426, 255),
(430, '台山市', 426, 255),
(431, '开平市', 426, 255),
(432, '鹤山市', 426, 255),
(433, '恩平市', 426, 255),
(434, '揭阳', 347, 255),
(435, '榕城区', 434, 255),
(436, '普宁市', 434, 255),
(437, '揭东县', 434, 255),
(438, '揭西县', 434, 255),
(439, '惠来县', 434, 255),
(440, '茂名', 347, 255),
(441, '茂南区', 440, 255),
(442, '茂港区', 440, 255),
(443, '高州市', 440, 255),
(444, '化州市', 440, 255),
(445, '信宜市', 440, 255),
(446, '电白县', 440, 255),
(447, '梅州', 347, 255),
(448, '梅县', 447, 255),
(449, '梅江区', 447, 255),
(450, '兴宁市', 447, 255),
(451, '大埔县', 447, 255),
(452, '丰顺县', 447, 255),
(453, '五华县', 447, 255),
(454, '平远县', 447, 255),
(455, '蕉岭县', 447, 255),
(456, '清远', 347, 255),
(457, '清城区', 456, 255),
(458, '英德市', 456, 255),
(459, '连州市', 456, 255),
(460, '佛冈县', 456, 255),
(461, '阳山县', 456, 255),
(462, '清新县', 456, 255),
(463, '连山', 456, 255),
(464, '连南', 456, 255),
(465, '汕头', 347, 255),
(466, '南澳县', 465, 255),
(467, '潮阳区', 465, 255),
(468, '澄海区', 465, 255),
(469, '龙湖区', 465, 255),
(470, '金平区', 465, 255),
(471, '濠江区', 465, 255),
(472, '潮南区', 465, 255),
(473, '汕尾', 347, 255),
(474, '城区', 473, 255),
(475, '陆丰市', 473, 255),
(476, '海丰县', 473, 255),
(477, '陆河县', 473, 255),
(478, '韶关', 347, 255),
(479, '曲江县', 478, 255),
(480, '浈江区', 478, 255),
(481, '武江区', 478, 255),
(482, '曲江区', 478, 255),
(483, '乐昌市', 478, 255),
(484, '南雄市', 478, 255),
(485, '始兴县', 478, 255),
(486, '仁化县', 478, 255),
(487, '翁源县', 478, 255),
(488, '新丰县', 478, 255),
(489, '乳源', 478, 255),
(490, '阳江', 347, 255),
(491, '江城区', 490, 255),
(492, '阳春市', 490, 255),
(493, '阳西县', 490, 255),
(494, '阳东县', 490, 255),
(495, '云浮', 347, 255),
(496, '云城区', 495, 255),
(497, '罗定市', 495, 255),
(498, '新兴县', 495, 255),
(499, '郁南县', 495, 255),
(500, '云安县', 495, 255),
(501, '湛江', 347, 255),
(502, '赤坎区', 501, 255),
(503, '霞山区', 501, 255),
(504, '坡头区', 501, 255),
(505, '麻章区', 501, 255),
(506, '廉江市', 501, 255),
(507, '雷州市', 501, 255),
(508, '吴川市', 501, 255),
(509, '遂溪县', 501, 255),
(510, '徐闻县', 501, 255),
(511, '肇庆', 347, 255),
(512, '肇庆市', 511, 255),
(513, '高要市', 511, 255),
(514, '四会市', 511, 255),
(515, '广宁县', 511, 255),
(516, '怀集县', 511, 255),
(517, '封开县', 511, 255),
(518, '德庆县', 511, 255),
(519, '中山', 347, 255),
(520, '石岐街道', 519, 255),
(521, '东区街道', 519, 255),
(522, '西区街道', 519, 255),
(523, '环城街道', 519, 255),
(524, '中山港街道', 519, 255),
(525, '五桂山街道', 519, 255),
(526, '珠海', 347, 255),
(527, '香洲区', 526, 255),
(528, '斗门区', 526, 255),
(529, '金湾区', 526, 255),
(530, '广西', 1, 255),
(531, '南宁', 530, 255),
(532, '邕宁区', 531, 255),
(533, '青秀区', 531, 255),
(534, '兴宁区', 531, 255),
(535, '良庆区', 531, 255),
(536, '西乡塘区', 531, 255),
(537, '江南区', 531, 255),
(538, '武鸣县', 531, 255),
(539, '隆安县', 531, 255),
(540, '马山县', 531, 255),
(541, '上林县', 531, 255),
(542, '宾阳县', 531, 255),
(543, '横县', 531, 255),
(544, '桂林', 530, 255),
(545, '秀峰区', 544, 255),
(546, '叠彩区', 544, 255),
(547, '象山区', 544, 255),
(548, '七星区', 544, 255),
(549, '雁山区', 544, 255),
(550, '阳朔县', 544, 255),
(551, '临桂县', 544, 255),
(552, '灵川县', 544, 255),
(553, '全州县', 544, 255),
(554, '平乐县', 544, 255),
(555, '兴安县', 544, 255),
(556, '灌阳县', 544, 255),
(557, '荔浦县', 544, 255),
(558, '资源县', 544, 255),
(559, '永福县', 544, 255),
(560, '龙胜', 544, 255),
(561, '恭城', 544, 255),
(562, '百色', 530, 255),
(563, '右江区', 562, 255),
(564, '凌云县', 562, 255),
(565, '平果县', 562, 255),
(566, '西林县', 562, 255),
(567, '乐业县', 562, 255),
(568, '德保县', 562, 255),
(569, '田林县', 562, 255),
(570, '田阳县', 562, 255),
(571, '靖西县', 562, 255),
(572, '田东县', 562, 255),
(573, '那坡县', 562, 255),
(574, '隆林', 562, 255),
(575, '北海', 530, 255),
(576, '海城区', 575, 255),
(577, '银海区', 575, 255),
(578, '铁山港区', 575, 255),
(579, '合浦县', 575, 255),
(580, '崇左', 530, 255),
(581, '江州区', 580, 255),
(582, '凭祥市', 580, 255),
(583, '宁明县', 580, 255),
(584, '扶绥县', 580, 255),
(585, '龙州县', 580, 255),
(586, '大新县', 580, 255),
(587, '天等县', 580, 255),
(588, '防城港', 530, 255),
(589, '港口区', 588, 255),
(590, '防城区', 588, 255),
(591, '东兴市', 588, 255),
(592, '上思县', 588, 255),
(593, '贵港', 530, 255),
(594, '港北区', 593, 255),
(595, '港南区', 593, 255),
(596, '覃塘区', 593, 255),
(597, '桂平市', 593, 255),
(598, '平南县', 593, 255),
(599, '河池', 530, 255),
(600, '金城江区', 599, 255),
(601, '宜州市', 599, 255),
(602, '天峨县', 599, 255),
(603, '凤山县', 599, 255),
(604, '南丹县', 599, 255),
(605, '东兰县', 599, 255),
(606, '都安', 599, 255),
(607, '罗城', 599, 255),
(608, '巴马', 599, 255),
(609, '环江', 599, 255),
(610, '大化', 599, 255),
(611, '贺州', 530, 255),
(612, '八步区', 611, 255),
(613, '钟山县', 611, 255),
(614, '昭平县', 611, 255),
(615, '富川', 611, 255),
(616, '来宾', 530, 255),
(617, '兴宾区', 616, 255),
(618, '合山市', 616, 255),
(619, '象州县', 616, 255),
(620, '武宣县', 616, 255),
(621, '忻城县', 616, 255),
(622, '金秀', 616, 255),
(623, '柳州', 530, 255),
(624, '城中区', 623, 255),
(625, '鱼峰区', 623, 255),
(626, '柳北区', 623, 255),
(627, '柳南区', 623, 255),
(628, '柳江县', 623, 255),
(629, '柳城县', 623, 255),
(630, '鹿寨县', 623, 255),
(631, '融安县', 623, 255),
(632, '融水', 623, 255),
(633, '三江', 623, 255),
(634, '钦州', 530, 255),
(635, '钦南区', 634, 255),
(636, '钦北区', 634, 255),
(637, '灵山县', 634, 255),
(638, '浦北县', 634, 255),
(639, '梧州', 530, 255),
(640, '万秀区', 639, 255),
(641, '蝶山区', 639, 255),
(642, '长洲区', 639, 255),
(643, '岑溪市', 639, 255),
(644, '苍梧县', 639, 255),
(645, '藤县', 639, 255),
(646, '蒙山县', 639, 255),
(647, '玉林', 530, 255),
(648, '玉州区', 647, 255),
(649, '北流市', 647, 255),
(650, '容县', 647, 255),
(651, '陆川县', 647, 255),
(652, '博白县', 647, 255),
(653, '兴业县', 647, 255),
(654, '贵州', 1, 255),
(655, '贵阳', 654, 255),
(656, '南明区', 655, 255),
(657, '云岩区', 655, 255),
(658, '花溪区', 655, 255),
(659, '乌当区', 655, 255),
(660, '白云区', 655, 255),
(661, '小河区', 655, 255),
(662, '金阳新区', 655, 255),
(663, '新天园区', 655, 255),
(664, '清镇市', 655, 255),
(665, '开阳县', 655, 255),
(666, '修文县', 655, 255),
(667, '息烽县', 655, 255),
(668, '安顺', 654, 255),
(669, '西秀区', 668, 255),
(670, '关岭', 668, 255),
(671, '镇宁', 668, 255),
(672, '紫云', 668, 255),
(673, '平坝县', 668, 255),
(674, '普定县', 668, 255),
(675, '毕节', 654, 255),
(676, '毕节市', 675, 255),
(677, '大方县', 675, 255),
(678, '黔西县', 675, 255),
(679, '金沙县', 675, 255),
(680, '织金县', 675, 255),
(681, '纳雍县', 675, 255),
(682, '赫章县', 675, 255),
(683, '威宁', 675, 255),
(684, '六盘水', 654, 255),
(685, '钟山区', 684, 255),
(686, '六枝特区', 684, 255),
(687, '水城县', 684, 255),
(688, '盘县', 684, 255),
(689, '黔东南', 654, 255),
(690, '凯里市', 689, 255),
(691, '黄平县', 689, 255),
(692, '施秉县', 689, 255),
(693, '三穗县', 689, 255),
(694, '镇远县', 689, 255),
(695, '岑巩县', 689, 255),
(696, '天柱县', 689, 255),
(697, '锦屏县', 689, 255),
(698, '剑河县', 689, 255),
(699, '台江县', 689, 255),
(700, '黎平县', 689, 255),
(701, '榕江县', 689, 255),
(702, '从江县', 689, 255),
(703, '雷山县', 689, 255),
(704, '麻江县', 689, 255),
(705, '丹寨县', 689, 255),
(706, '黔南', 654, 255),
(707, '都匀市', 706, 255),
(708, '福泉市', 706, 255),
(709, '荔波县', 706, 255),
(710, '贵定县', 706, 255),
(711, '瓮安县', 706, 255),
(712, '独山县', 706, 255),
(713, '平塘县', 706, 255),
(714, '罗甸县', 706, 255),
(715, '长顺县', 706, 255),
(716, '龙里县', 706, 255),
(717, '惠水县', 706, 255),
(718, '三都', 706, 255),
(719, '黔西南', 654, 255),
(720, '兴义市', 719, 255),
(721, '兴仁县', 719, 255),
(722, '普安县', 719, 255),
(723, '晴隆县', 719, 255),
(724, '贞丰县', 719, 255),
(725, '望谟县', 719, 255),
(726, '册亨县', 719, 255),
(727, '安龙县', 719, 255),
(728, '铜仁', 654, 255),
(729, '铜仁市', 728, 255),
(730, '江口县', 728, 255),
(731, '石阡县', 728, 255),
(732, '思南县', 728, 255),
(733, '德江县', 728, 255),
(734, '玉屏', 728, 255),
(735, '印江', 728, 255),
(736, '沿河', 728, 255),
(737, '松桃', 728, 255),
(738, '万山特区', 728, 255),
(739, '遵义', 654, 255),
(740, '红花岗区', 739, 255),
(741, '务川县', 739, 255),
(742, '道真县', 739, 255),
(743, '汇川区', 739, 255),
(744, '赤水市', 739, 255),
(745, '仁怀市', 739, 255),
(746, '遵义县', 739, 255),
(747, '桐梓县', 739, 255),
(748, '绥阳县', 739, 255),
(749, '正安县', 739, 255),
(750, '凤冈县', 739, 255),
(751, '湄潭县', 739, 255),
(752, '余庆县', 739, 255),
(753, '习水县', 739, 255),
(754, '道真', 739, 255),
(755, '务川', 739, 255),
(756, '海南', 1, 255),
(757, '海口', 756, 255),
(758, '秀英区', 757, 255),
(759, '龙华区', 757, 255),
(760, '琼山区', 757, 255),
(761, '美兰区', 757, 255),
(762, '三亚', 756, 255),
(763, '白沙', 756, 255),
(764, '保亭', 756, 255),
(765, '昌江', 756, 255),
(766, '澄迈县', 756, 255),
(767, '定安县', 756, 255),
(768, '东方', 756, 255),
(769, '乐东', 756, 255),
(770, '临高县', 756, 255),
(771, '陵水', 756, 255),
(772, '琼海', 756, 255),
(773, '琼中', 756, 255),
(774, '屯昌县', 756, 255),
(775, '万宁', 756, 255),
(776, '文昌', 756, 255),
(777, '五指山', 756, 255),
(778, '儋州', 756, 255),
(779, '市区', 778, 255),
(780, '洋浦开发区', 778, 255),
(781, '那大镇', 778, 255),
(782, '王五镇', 778, 255),
(783, '雅星镇', 778, 255),
(784, '大成镇', 778, 255),
(785, '中和镇', 778, 255),
(786, '峨蔓镇', 778, 255),
(787, '南丰镇', 778, 255),
(788, '白马井镇', 778, 255),
(789, '兰洋镇', 778, 255),
(790, '和庆镇', 778, 255),
(791, '海头镇', 778, 255),
(792, '排浦镇', 778, 255),
(793, '东成镇', 778, 255),
(794, '光村镇', 778, 255),
(795, '木棠镇', 778, 255),
(796, '新州镇', 778, 255),
(797, '三都镇', 778, 255),
(798, '其他', 778, 255),
(799, '河北', 1, 255),
(800, '石家庄', 799, 255),
(801, '长安区', 800, 255),
(802, '桥东区', 800, 255),
(803, '桥西区', 800, 255),
(804, '新华区', 800, 255),
(805, '裕华区', 800, 255),
(806, '井陉矿区', 800, 255),
(807, '高新区', 800, 255),
(808, '辛集市', 800, 255),
(809, '藁城市', 800, 255),
(810, '晋州市', 800, 255),
(811, '新乐市', 800, 255),
(812, '鹿泉市', 800, 255),
(813, '井陉县', 800, 255),
(814, '正定县', 800, 255),
(815, '栾城县', 800, 255),
(816, '行唐县', 800, 255),
(817, '灵寿县', 800, 255),
(818, '高邑县', 800, 255),
(819, '深泽县', 800, 255),
(820, '赞皇县', 800, 255),
(821, '无极县', 800, 255),
(822, '平山县', 800, 255),
(823, '元氏县', 800, 255),
(824, '赵县', 800, 255),
(825, '保定', 799, 255),
(826, '新市区', 825, 255),
(827, '南市区', 825, 255),
(828, '北市区', 825, 255),
(829, '涿州市', 825, 255),
(830, '定州市', 825, 255),
(831, '安国市', 825, 255),
(832, '高碑店市', 825, 255),
(833, '满城县', 825, 255),
(834, '清苑县', 825, 255),
(835, '涞水县', 825, 255),
(836, '阜平县', 825, 255),
(837, '徐水县', 825, 255),
(838, '定兴县', 825, 255),
(839, '唐县', 825, 255),
(840, '高阳县', 825, 255),
(841, '容城县', 825, 255),
(842, '涞源县', 825, 255),
(843, '望都县', 825, 255),
(844, '安新县', 825, 255),
(845, '易县', 825, 255),
(846, '曲阳县', 825, 255),
(847, '蠡县', 825, 255),
(848, '顺平县', 825, 255),
(849, '博野县', 825, 255),
(850, '雄县', 825, 255),
(851, '沧州', 799, 255),
(852, '运河区', 851, 255),
(853, '新华区', 851, 255),
(854, '泊头市', 851, 255),
(855, '任丘市', 851, 255),
(856, '黄骅市', 851, 255),
(857, '河间市', 851, 255),
(858, '沧县', 851, 255),
(859, '青县', 851, 255),
(860, '东光县', 851, 255),
(861, '海兴县', 851, 255),
(862, '盐山县', 851, 255),
(863, '肃宁县', 851, 255),
(864, '南皮县', 851, 255),
(865, '吴桥县', 851, 255),
(866, '献县', 851, 255),
(867, '孟村', 851, 255),
(868, '承德', 799, 255),
(869, '双桥区', 868, 255),
(870, '双滦区', 868, 255),
(871, '鹰手营子矿区', 868, 255),
(872, '承德县', 868, 255),
(873, '兴隆县', 868, 255),
(874, '平泉县', 868, 255),
(875, '滦平县', 868, 255),
(876, '隆化县', 868, 255),
(877, '丰宁', 868, 255),
(878, '宽城', 868, 255),
(879, '围场', 868, 255),
(880, '邯郸', 799, 255),
(881, '从台区', 880, 255),
(882, '复兴区', 880, 255),
(883, '邯山区', 880, 255),
(884, '峰峰矿区', 880, 255),
(885, '武安市', 880, 255),
(886, '邯郸县', 880, 255),
(887, '临漳县', 880, 255),
(888, '成安县', 880, 255),
(889, '大名县', 880, 255),
(890, '涉县', 880, 255),
(891, '磁县', 880, 255),
(892, '肥乡县', 880, 255),
(893, '永年县', 880, 255),
(894, '邱县', 880, 255),
(895, '鸡泽县', 880, 255),
(896, '广平县', 880, 255),
(897, '馆陶县', 880, 255),
(898, '魏县', 880, 255),
(899, '曲周县', 880, 255),
(900, '衡水', 799, 255),
(901, '桃城区', 900, 255),
(902, '冀州市', 900, 255),
(903, '深州市', 900, 255),
(904, '枣强县', 900, 255),
(905, '武邑县', 900, 255),
(906, '武强县', 900, 255),
(907, '饶阳县', 900, 255),
(908, '安平县', 900, 255),
(909, '故城县', 900, 255),
(910, '景县', 900, 255),
(911, '阜城县', 900, 255),
(912, '廊坊', 799, 255),
(913, '安次区', 912, 255),
(914, '广阳区', 912, 255),
(915, '霸州市', 912, 255),
(916, '三河市', 912, 255),
(917, '固安县', 912, 255),
(918, '永清县', 912, 255),
(919, '香河县', 912, 255),
(920, '大城县', 912, 255),
(921, '文安县', 912, 255),
(922, '大厂', 912, 255),
(923, '秦皇岛', 799, 255),
(924, '海港区', 923, 255),
(925, '山海关区', 923, 255),
(926, '北戴河区', 923, 255),
(927, '昌黎县', 923, 255),
(928, '抚宁县', 923, 255),
(929, '卢龙县', 923, 255),
(930, '青龙', 923, 255),
(931, '唐山', 799, 255),
(932, '路北区', 931, 255),
(933, '路南区', 931, 255),
(934, '古冶区', 931, 255),
(935, '开平区', 931, 255),
(936, '丰南区', 931, 255),
(937, '丰润区', 931, 255),
(938, '遵化市', 931, 255),
(939, '迁安市', 931, 255),
(940, '滦县', 931, 255),
(941, '滦南县', 931, 255),
(942, '乐亭县', 931, 255),
(943, '迁西县', 931, 255),
(944, '玉田县', 931, 255),
(945, '唐海县', 931, 255),
(946, '邢台', 799, 255),
(947, '桥东区', 946, 255),
(948, '桥西区', 946, 255),
(949, '南宫市', 946, 255),
(950, '沙河市', 946, 255),
(951, '邢台县', 946, 255),
(952, '临城县', 946, 255),
(953, '内丘县', 946, 255),
(954, '柏乡县', 946, 255),
(955, '隆尧县', 946, 255),
(956, '任县', 946, 255),
(957, '南和县', 946, 255),
(958, '宁晋县', 946, 255),
(959, '巨鹿县', 946, 255),
(960, '新河县', 946, 255),
(961, '广宗县', 946, 255),
(962, '平乡县', 946, 255),
(963, '威县', 946, 255),
(964, '清河县', 946, 255),
(965, '临西县', 946, 255),
(966, '张家口', 799, 255),
(967, '桥西区', 966, 255),
(968, '桥东区', 966, 255),
(969, '宣化区', 966, 255),
(970, '下花园区', 966, 255),
(971, '宣化县', 966, 255),
(972, '张北县', 966, 255),
(973, '康保县', 966, 255),
(974, '沽源县', 966, 255),
(975, '尚义县', 966, 255),
(976, '蔚县', 966, 255),
(977, '阳原县', 966, 255),
(978, '怀安县', 966, 255),
(979, '万全县', 966, 255),
(980, '怀来县', 966, 255),
(981, '涿鹿县', 966, 255),
(982, '赤城县', 966, 255),
(983, '崇礼县', 966, 255),
(984, '河南', 1, 255),
(985, '郑州', 984, 255),
(986, '金水区', 985, 255),
(987, '邙山区', 985, 255),
(988, '二七区', 985, 255),
(989, '管城区', 985, 255),
(990, '中原区', 985, 255),
(991, '上街区', 985, 255),
(992, '惠济区', 985, 255),
(993, '郑东新区', 985, 255),
(994, '经济技术开发区', 985, 255),
(995, '高新开发区', 985, 255),
(996, '出口加工区', 985, 255),
(997, '巩义市', 985, 255),
(998, '荥阳市', 985, 255),
(999, '新密市', 985, 255),
(1000, '新郑市', 985, 255),
(1001, '登封市', 985, 255),
(1002, '中牟县', 985, 255),
(1003, '洛阳', 984, 255),
(1004, '西工区', 1003, 255),
(1005, '老城区', 1003, 255),
(1006, '涧西区', 1003, 255),
(1007, '瀍河回族区', 1003, 255),
(1008, '洛龙区', 1003, 255),
(1009, '吉利区', 1003, 255),
(1010, '偃师市', 1003, 255),
(1011, '孟津县', 1003, 255),
(1012, '新安县', 1003, 255),
(1013, '栾川县', 1003, 255),
(1014, '嵩县', 1003, 255),
(1015, '汝阳县', 1003, 255),
(1016, '宜阳县', 1003, 255),
(1017, '洛宁县', 1003, 255),
(1018, '伊川县', 1003, 255),
(1019, '开封', 984, 255),
(1020, '鼓楼区', 1019, 255),
(1021, '龙亭区', 1019, 255),
(1022, '顺河回族区', 1019, 255),
(1023, '金明区', 1019, 255),
(1024, '禹王台区', 1019, 255),
(1025, '杞县', 1019, 255),
(1026, '通许县', 1019, 255),
(1027, '尉氏县', 1019, 255),
(1028, '开封县', 1019, 255),
(1029, '兰考县', 1019, 255),
(1030, '安阳', 984, 255),
(1031, '北关区', 1030, 255),
(1032, '文峰区', 1030, 255),
(1033, '殷都区', 1030, 255),
(1034, '龙安区', 1030, 255),
(1035, '林州市', 1030, 255),
(1036, '安阳县', 1030, 255),
(1037, '汤阴县', 1030, 255),
(1038, '滑县', 1030, 255),
(1039, '内黄县', 1030, 255),
(1040, '鹤壁', 984, 255),
(1041, '淇滨区', 1040, 255),
(1042, '山城区', 1040, 255),
(1043, '鹤山区', 1040, 255),
(1044, '浚县', 1040, 255),
(1045, '淇县', 1040, 255),
(1046, '济源', 984, 255),
(1047, '济源市', 1046, 255),
(1048, '焦作', 984, 255),
(1049, '解放区', 1048, 255),
(1050, '中站区', 1048, 255),
(1051, '马村区', 1048, 255),
(1052, '山阳区', 1048, 255),
(1053, '沁阳市', 1048, 255),
(1054, '孟州市', 1048, 255),
(1055, '修武县', 1048, 255),
(1056, '博爱县', 1048, 255),
(1057, '武陟县', 1048, 255),
(1058, '温县', 1048, 255),
(1059, '南阳', 984, 255),
(1060, '卧龙区', 1059, 255),
(1061, '宛城区', 1059, 255),
(1062, '邓州市', 1059, 255),
(1063, '南召县', 1059, 255),
(1064, '方城县', 1059, 255),
(1065, '西峡县', 1059, 255),
(1066, '镇平县', 1059, 255),
(1067, '内乡县', 1059, 255),
(1068, '淅川县', 1059, 255),
(1069, '社旗县', 1059, 255),
(1070, '唐河县', 1059, 255),
(1071, '新野县', 1059, 255),
(1072, '桐柏县', 1059, 255),
(1073, '平顶山', 984, 255),
(1074, '新华区', 1073, 255),
(1075, '卫东区', 1073, 255),
(1076, '湛河区', 1073, 255),
(1077, '石龙区', 1073, 255),
(1078, '舞钢市', 1073, 255),
(1079, '汝州市', 1073, 255),
(1080, '宝丰县', 1073, 255),
(1081, '叶县', 1073, 255),
(1082, '鲁山县', 1073, 255),
(1083, '郏县', 1073, 255),
(1084, '三门峡', 984, 255),
(1085, '湖滨区', 1084, 255),
(1086, '义马市', 1084, 255),
(1087, '灵宝市', 1084, 255),
(1088, '渑池县', 1084, 255),
(1089, '陕县', 1084, 255),
(1090, '卢氏县', 1084, 255),
(1091, '商丘', 984, 255),
(1092, '梁园区', 1091, 255),
(1093, '睢阳区', 1091, 255),
(1094, '永城市', 1091, 255),
(1095, '民权县', 1091, 255),
(1096, '睢县', 1091, 255),
(1097, '宁陵县', 1091, 255),
(1098, '虞城县', 1091, 255),
(1099, '柘城县', 1091, 255),
(1100, '夏邑县', 1091, 255),
(1101, '新乡', 984, 255),
(1102, '卫滨区', 1101, 255),
(1103, '红旗区', 1101, 255),
(1104, '凤泉区', 1101, 255),
(1105, '牧野区', 1101, 255),
(1106, '卫辉市', 1101, 255),
(1107, '辉县市', 1101, 255),
(1108, '新乡县', 1101, 255),
(1109, '获嘉县', 1101, 255),
(1110, '原阳县', 1101, 255),
(1111, '延津县', 1101, 255),
(1112, '封丘县', 1101, 255),
(1113, '长垣县', 1101, 255),
(1114, '信阳', 984, 255),
(1115, '浉河区', 1114, 255),
(1116, '平桥区', 1114, 255),
(1117, '罗山县', 1114, 255),
(1118, '光山县', 1114, 255),
(1119, '新县', 1114, 255),
(1120, '商城县', 1114, 255),
(1121, '固始县', 1114, 255),
(1122, '潢川县', 1114, 255),
(1123, '淮滨县', 1114, 255),
(1124, '息县', 1114, 255),
(1125, '许昌', 984, 255),
(1126, '魏都区', 1125, 255),
(1127, '禹州市', 1125, 255),
(1128, '长葛市', 1125, 255),
(1129, '许昌县', 1125, 255),
(1130, '鄢陵县', 1125, 255),
(1131, '襄城县', 1125, 255),
(1132, '周口', 984, 255),
(1133, '川汇区', 1132, 255),
(1134, '项城市', 1132, 255),
(1135, '扶沟县', 1132, 255),
(1136, '西华县', 1132, 255),
(1137, '商水县', 1132, 255),
(1138, '沈丘县', 1132, 255),
(1139, '郸城县', 1132, 255),
(1140, '淮阳县', 1132, 255),
(1141, '太康县', 1132, 255),
(1142, '鹿邑县', 1132, 255),
(1143, '驻马店', 984, 255),
(1144, '驿城区', 1143, 255),
(1145, '西平县', 1143, 255),
(1146, '上蔡县', 1143, 255),
(1147, '平舆县', 1143, 255),
(1148, '正阳县', 1143, 255),
(1149, '确山县', 1143, 255),
(1150, '泌阳县', 1143, 255),
(1151, '汝南县', 1143, 255),
(1152, '遂平县', 1143, 255),
(1153, '新蔡县', 1143, 255),
(1154, '漯河', 984, 255),
(1155, '郾城区', 1154, 255),
(1156, '源汇区', 1154, 255),
(1157, '召陵区', 1154, 255),
(1158, '舞阳县', 1154, 255),
(1159, '临颍县', 1154, 255),
(1160, '濮阳', 984, 255),
(1161, '华龙区', 1160, 255),
(1162, '清丰县', 1160, 255),
(1163, '南乐县', 1160, 255),
(1164, '范县', 1160, 255),
(1165, '台前县', 1160, 255),
(1166, '濮阳县', 1160, 255),
(1167, '黑龙江', 1, 255),
(1168, '哈尔滨', 1167, 255),
(1169, '道里区', 1168, 255),
(1170, '南岗区', 1168, 255),
(1171, '动力区', 1168, 255),
(1172, '平房区', 1168, 255),
(1173, '香坊区', 1168, 255),
(1174, '太平区', 1168, 255),
(1175, '道外区', 1168, 255),
(1176, '阿城区', 1168, 255),
(1177, '呼兰区', 1168, 255),
(1178, '松北区', 1168, 255),
(1179, '尚志市', 1168, 255),
(1180, '双城市', 1168, 255),
(1181, '五常市', 1168, 255),
(1182, '方正县', 1168, 255),
(1183, '宾县', 1168, 255),
(1184, '依兰县', 1168, 255),
(1185, '巴彦县', 1168, 255),
(1186, '通河县', 1168, 255),
(1187, '木兰县', 1168, 255),
(1188, '延寿县', 1168, 255),
(1189, '大庆', 1167, 255),
(1190, '萨尔图区', 1189, 255),
(1191, '红岗区', 1189, 255),
(1192, '龙凤区', 1189, 255),
(1193, '让胡路区', 1189, 255),
(1194, '大同区', 1189, 255),
(1195, '肇州县', 1189, 255),
(1196, '肇源县', 1189, 255),
(1197, '林甸县', 1189, 255),
(1198, '杜尔伯特', 1189, 255),
(1199, '大兴安岭', 1167, 255),
(1200, '呼玛县', 1199, 255),
(1201, '漠河县', 1199, 255),
(1202, '塔河县', 1199, 255),
(1203, '鹤岗', 1167, 255),
(1204, '兴山区', 1203, 255),
(1205, '工农区', 1203, 255),
(1206, '南山区', 1203, 255),
(1207, '兴安区', 1203, 255),
(1208, '向阳区', 1203, 255),
(1209, '东山区', 1203, 255),
(1210, '萝北县', 1203, 255),
(1211, '绥滨县', 1203, 255),
(1212, '黑河', 1167, 255),
(1213, '爱辉区', 1212, 255),
(1214, '五大连池市', 1212, 255),
(1215, '北安市', 1212, 255),
(1216, '嫩江县', 1212, 255),
(1217, '逊克县', 1212, 255),
(1218, '孙吴县', 1212, 255),
(1219, '鸡西', 1167, 255),
(1220, '鸡冠区', 1219, 255),
(1221, '恒山区', 1219, 255),
(1222, '城子河区', 1219, 255),
(1223, '滴道区', 1219, 255),
(1224, '梨树区', 1219, 255),
(1225, '虎林市', 1219, 255),
(1226, '密山市', 1219, 255),
(1227, '鸡东县', 1219, 255),
(1228, '佳木斯', 1167, 255),
(1229, '前进区', 1228, 255),
(1230, '郊区', 1228, 255),
(1231, '向阳区', 1228, 255),
(1232, '东风区', 1228, 255),
(1233, '同江市', 1228, 255),
(1234, '富锦市', 1228, 255),
(1235, '桦南县', 1228, 255),
(1236, '桦川县', 1228, 255),
(1237, '汤原县', 1228, 255),
(1238, '抚远县', 1228, 255),
(1239, '牡丹江', 1167, 255),
(1240, '爱民区', 1239, 255),
(1241, '东安区', 1239, 255),
(1242, '阳明区', 1239, 255),
(1243, '西安区', 1239, 255),
(1244, '绥芬河市', 1239, 255),
(1245, '海林市', 1239, 255),
(1246, '宁安市', 1239, 255),
(1247, '穆棱市', 1239, 255),
(1248, '东宁县', 1239, 255),
(1249, '林口县', 1239, 255),
(1250, '七台河', 1167, 255),
(1251, '桃山区', 1250, 255),
(1252, '新兴区', 1250, 255),
(1253, '茄子河区', 1250, 255),
(1254, '勃利县', 1250, 255),
(1255, '齐齐哈尔', 1167, 255),
(1256, '龙沙区', 1255, 255),
(1257, '昂昂溪区', 1255, 255),
(1258, '铁峰区', 1255, 255),
(1259, '建华区', 1255, 255),
(1260, '富拉尔基区', 1255, 255),
(1261, '碾子山区', 1255, 255),
(1262, '梅里斯达斡尔区', 1255, 255),
(1263, '讷河市', 1255, 255),
(1264, '龙江县', 1255, 255),
(1265, '依安县', 1255, 255),
(1266, '泰来县', 1255, 255),
(1267, '甘南县', 1255, 255),
(1268, '富裕县', 1255, 255),
(1269, '克山县', 1255, 255),
(1270, '克东县', 1255, 255),
(1271, '拜泉县', 1255, 255),
(1272, '双鸭山', 1167, 255),
(1273, '尖山区', 1272, 255),
(1274, '岭东区', 1272, 255),
(1275, '四方台区', 1272, 255),
(1276, '宝山区', 1272, 255),
(1277, '集贤县', 1272, 255),
(1278, '友谊县', 1272, 255),
(1279, '宝清县', 1272, 255),
(1280, '饶河县', 1272, 255),
(1281, '绥化', 1167, 255),
(1282, '北林区', 1281, 255),
(1283, '安达市', 1281, 255),
(1284, '肇东市', 1281, 255),
(1285, '海伦市', 1281, 255),
(1286, '望奎县', 1281, 255),
(1287, '兰西县', 1281, 255),
(1288, '青冈县', 1281, 255),
(1289, '庆安县', 1281, 255),
(1290, '明水县', 1281, 255),
(1291, '绥棱县', 1281, 255),
(1292, '伊春', 1167, 255),
(1293, '伊春区', 1292, 255),
(1294, '带岭区', 1292, 255),
(1295, '南岔区', 1292, 255),
(1296, '金山屯区', 1292, 255),
(1297, '西林区', 1292, 255),
(1298, '美溪区', 1292, 255),
(1299, '乌马河区', 1292, 255),
(1300, '翠峦区', 1292, 255),
(1301, '友好区', 1292, 255),
(1302, '上甘岭区', 1292, 255),
(1303, '五营区', 1292, 255),
(1304, '红星区', 1292, 255),
(1305, '新青区', 1292, 255),
(1306, '汤旺河区', 1292, 255),
(1307, '乌伊岭区', 1292, 255),
(1308, '铁力市', 1292, 255),
(1309, '嘉荫县', 1292, 255),
(1310, '湖北', 1, 255),
(1311, '武汉', 1310, 255),
(1312, '江岸区', 1311, 255),
(1313, '武昌区', 1311, 255),
(1314, '江汉区', 1311, 255),
(1315, '硚口区', 1311, 255),
(1316, '汉阳区', 1311, 255),
(1317, '青山区', 1311, 255),
(1318, '洪山区', 1311, 255),
(1319, '东西湖区', 1311, 255),
(1320, '汉南区', 1311, 255),
(1321, '蔡甸区', 1311, 255),
(1322, '江夏区', 1311, 255),
(1323, '黄陂区', 1311, 255),
(1324, '新洲区', 1311, 255),
(1325, '经济开发区', 1311, 255),
(1326, '仙桃', 1310, 255),
(1327, '仙桃市', 1326, 255),
(1328, '鄂州', 1310, 255),
(1329, '鄂城区', 1328, 255),
(1330, '华容区', 1328, 255),
(1331, '梁子湖区', 1328, 255),
(1332, '黄冈', 1310, 255),
(1333, '黄州区', 1332, 255),
(1334, '麻城市', 1332, 255),
(1335, '武穴市', 1332, 255),
(1336, '团风县', 1332, 255),
(1337, '红安县', 1332, 255),
(1338, '罗田县', 1332, 255),
(1339, '英山县', 1332, 255),
(1340, '浠水县', 1332, 255),
(1341, '蕲春县', 1332, 255),
(1342, '黄梅县', 1332, 255),
(1343, '黄石', 1310, 255),
(1344, '黄石港区', 1343, 255),
(1345, '西塞山区', 1343, 255),
(1346, '下陆区', 1343, 255),
(1347, '铁山区', 1343, 255),
(1348, '大冶市', 1343, 255),
(1349, '阳新县', 1343, 255),
(1350, '荆门', 1310, 255),
(1351, '东宝区', 1350, 255),
(1352, '掇刀区', 1350, 255),
(1353, '钟祥市', 1350, 255),
(1354, '京山县', 1350, 255),
(1355, '沙洋县', 1350, 255),
(1356, '荆州', 1310, 255),
(1357, '沙市区', 1356, 255),
(1358, '荆州区', 1356, 255),
(1359, '石首市', 1356, 255),
(1360, '洪湖市', 1356, 255),
(1361, '松滋市', 1356, 255),
(1362, '公安县', 1356, 255),
(1363, '监利县', 1356, 255),
(1364, '江陵县', 1356, 255),
(1365, '潜江', 1310, 255),
(1366, '潜江市', 1365, 255),
(1367, '神农架林区', 1310, 255),
(1368, '神农架林区', 1367, 255),
(1369, '十堰', 1310, 255),
(1370, '张湾区', 1369, 255),
(1371, '茅箭区', 1369, 255),
(1372, '丹江口市', 1369, 255),
(1373, '郧县', 1369, 255),
(1374, '郧西县', 1369, 255),
(1375, '竹山县', 1369, 255),
(1376, '竹溪县', 1369, 255),
(1377, '房县', 1369, 255),
(1378, '随州', 1310, 255),
(1379, '曾都区', 1378, 255),
(1380, '广水市', 1378, 255),
(1381, '天门', 1310, 255),
(1382, '天门市', 1381, 255),
(1383, '咸宁', 1310, 255),
(1384, '咸安区', 1383, 255),
(1385, '赤壁市', 1383, 255),
(1386, '嘉鱼县', 1383, 255),
(1387, '通城县', 1383, 255),
(1388, '崇阳县', 1383, 255),
(1389, '通山县', 1383, 255),
(1390, '襄樊', 1310, 255),
(1391, '襄城区', 1390, 255),
(1392, '樊城区', 1390, 255),
(1393, '襄阳区', 1390, 255),
(1394, '老河口市', 1390, 255),
(1395, '枣阳市', 1390, 255),
(1396, '宜城市', 1390, 255),
(1397, '南漳县', 1390, 255),
(1398, '谷城县', 1390, 255),
(1399, '保康县', 1390, 255),
(1400, '孝感', 1310, 255),
(1401, '孝南区', 1400, 255),
(1402, '应城市', 1400, 255),
(1403, '安陆市', 1400, 255),
(1404, '汉川市', 1400, 255),
(1405, '孝昌县', 1400, 255),
(1406, '大悟县', 1400, 255),
(1407, '云梦县', 1400, 255),
(1408, '宜昌', 1310, 255),
(1409, '长阳', 1408, 255),
(1410, '五峰', 1408, 255),
(1411, '西陵区', 1408, 255),
(1412, '伍家岗区', 1408, 255),
(1413, '点军区', 1408, 255),
(1414, '猇亭区', 1408, 255),
(1415, '夷陵区', 1408, 255),
(1416, '宜都市', 1408, 255),
(1417, '当阳市', 1408, 255),
(1418, '枝江市', 1408, 255),
(1419, '远安县', 1408, 255),
(1420, '兴山县', 1408, 255),
(1421, '秭归县', 1408, 255),
(1422, '恩施', 1310, 255),
(1423, '恩施市', 1422, 255),
(1424, '利川市', 1422, 255),
(1425, '建始县', 1422, 255),
(1426, '巴东县', 1422, 255),
(1427, '宣恩县', 1422, 255),
(1428, '咸丰县', 1422, 255),
(1429, '来凤县', 1422, 255),
(1430, '鹤峰县', 1422, 255),
(1431, '湖南', 1, 255),
(1432, '长沙', 1431, 255),
(1433, '岳麓区', 1432, 255),
(1434, '芙蓉区', 1432, 255),
(1435, '天心区', 1432, 255),
(1436, '开福区', 1432, 255),
(1437, '雨花区', 1432, 255),
(1438, '开发区', 1432, 255),
(1439, '浏阳市', 1432, 255),
(1440, '长沙县', 1432, 255),
(1441, '望城县', 1432, 255),
(1442, '宁乡县', 1432, 255),
(1443, '张家界', 1431, 255),
(1444, '永定区', 1443, 255),
(1445, '武陵源区', 1443, 255),
(1446, '慈利县', 1443, 255),
(1447, '桑植县', 1443, 255),
(1448, '常德', 1431, 255),
(1449, '武陵区', 1448, 255),
(1450, '鼎城区', 1448, 255),
(1451, '津市市', 1448, 255),
(1452, '安乡县', 1448, 255),
(1453, '汉寿县', 1448, 255),
(1454, '澧县', 1448, 255),
(1455, '临澧县', 1448, 255),
(1456, '桃源县', 1448, 255),
(1457, '石门县', 1448, 255),
(1458, '郴州', 1431, 255),
(1459, '北湖区', 1458, 255),
(1460, '苏仙区', 1458, 255),
(1461, '资兴市', 1458, 255),
(1462, '桂阳县', 1458, 255),
(1463, '宜章县', 1458, 255),
(1464, '永兴县', 1458, 255),
(1465, '嘉禾县', 1458, 255),
(1466, '临武县', 1458, 255),
(1467, '汝城县', 1458, 255),
(1468, '桂东县', 1458, 255),
(1469, '安仁县', 1458, 255),
(1470, '衡阳', 1431, 255),
(1471, '雁峰区', 1470, 255),
(1472, '珠晖区', 1470, 255),
(1473, '石鼓区', 1470, 255),
(1474, '蒸湘区', 1470, 255),
(1475, '南岳区', 1470, 255),
(1476, '耒阳市', 1470, 255),
(1477, '常宁市', 1470, 255),
(1478, '衡阳县', 1470, 255),
(1479, '衡南县', 1470, 255),
(1480, '衡山县', 1470, 255),
(1481, '衡东县', 1470, 255),
(1482, '祁东县', 1470, 255),
(1483, '怀化', 1431, 255),
(1484, '鹤城区', 1483, 255),
(1485, '靖州', 1483, 255),
(1486, '麻阳', 1483, 255),
(1487, '通道', 1483, 255),
(1488, '新晃', 1483, 255),
(1489, '芷江', 1483, 255),
(1490, '沅陵县', 1483, 255),
(1491, '辰溪县', 1483, 255),
(1492, '溆浦县', 1483, 255),
(1493, '中方县', 1483, 255),
(1494, '会同县', 1483, 255),
(1495, '洪江市', 1483, 255),
(1496, '娄底', 1431, 255),
(1497, '娄星区', 1496, 255),
(1498, '冷水江市', 1496, 255),
(1499, '涟源市', 1496, 255),
(1500, '双峰县', 1496, 255),
(1501, '新化县', 1496, 255),
(1502, '邵阳', 1431, 255),
(1503, '城步', 1502, 255),
(1504, '双清区', 1502, 255),
(1505, '大祥区', 1502, 255),
(1506, '北塔区', 1502, 255),
(1507, '武冈市', 1502, 255),
(1508, '邵东县', 1502, 255),
(1509, '新邵县', 1502, 255),
(1510, '邵阳县', 1502, 255),
(1511, '隆回县', 1502, 255),
(1512, '洞口县', 1502, 255),
(1513, '绥宁县', 1502, 255),
(1514, '新宁县', 1502, 255),
(1515, '湘潭', 1431, 255),
(1516, '岳塘区', 1515, 255),
(1517, '雨湖区', 1515, 255),
(1518, '湘乡市', 1515, 255),
(1519, '韶山市', 1515, 255),
(1520, '湘潭县', 1515, 255),
(1521, '湘西', 1431, 255),
(1522, '吉首市', 1521, 255),
(1523, '泸溪县', 1521, 255),
(1524, '凤凰县', 1521, 255),
(1525, '花垣县', 1521, 255),
(1526, '保靖县', 1521, 255),
(1527, '古丈县', 1521, 255),
(1528, '永顺县', 1521, 255),
(1529, '龙山县', 1521, 255),
(1530, '益阳', 1431, 255),
(1531, '赫山区', 1530, 255),
(1532, '资阳区', 1530, 255),
(1533, '沅江市', 1530, 255),
(1534, '南县', 1530, 255),
(1535, '桃江县', 1530, 255),
(1536, '安化县', 1530, 255),
(1537, '永州', 1431, 255),
(1538, '江华', 1537, 255),
(1539, '冷水滩区', 1537, 255),
(1540, '零陵区', 1537, 255),
(1541, '祁阳县', 1537, 255),
(1542, '东安县', 1537, 255),
(1543, '双牌县', 1537, 255),
(1544, '道县', 1537, 255),
(1545, '江永县', 1537, 255),
(1546, '宁远县', 1537, 255),
(1547, '蓝山县', 1537, 255),
(1548, '新田县', 1537, 255),
(1549, '岳阳', 1431, 255),
(1550, '岳阳楼区', 1549, 255),
(1551, '君山区', 1549, 255),
(1552, '云溪区', 1549, 255),
(1553, '汨罗市', 1549, 255),
(1554, '临湘市', 1549, 255),
(1555, '岳阳县', 1549, 255),
(1556, '华容县', 1549, 255),
(1557, '湘阴县', 1549, 255),
(1558, '平江县', 1549, 255),
(1559, '株洲', 1431, 255),
(1560, '天元区', 1559, 255),
(1561, '荷塘区', 1559, 255),
(1562, '芦淞区', 1559, 255),
(1563, '石峰区', 1559, 255),
(1564, '醴陵市', 1559, 255),
(1565, '株洲县', 1559, 255),
(1566, '攸县', 1559, 255),
(1567, '茶陵县', 1559, 255),
(1568, '炎陵县', 1559, 255),
(1569, '吉林', 1, 255),
(1570, '长春', 1569, 255),
(1571, '朝阳区', 1570, 255),
(1572, '宽城区', 1570, 255),
(1573, '二道区', 1570, 255),
(1574, '南关区', 1570, 255),
(1575, '绿园区', 1570, 255),
(1576, '双阳区', 1570, 255),
(1577, '净月潭开发区', 1570, 255),
(1578, '高新技术开发区', 1570, 255),
(1579, '经济技术开发区', 1570, 255),
(1580, '汽车产业开发区', 1570, 255),
(1581, '德惠市', 1570, 255),
(1582, '九台市', 1570, 255),
(1583, '榆树市', 1570, 255),
(1584, '农安县', 1570, 255),
(1585, '吉林', 1569, 255),
(1586, '船营区', 1585, 255),
(1587, '昌邑区', 1585, 255),
(1588, '龙潭区', 1585, 255),
(1589, '丰满区', 1585, 255),
(1590, '蛟河市', 1585, 255),
(1591, '桦甸市', 1585, 255),
(1592, '舒兰市', 1585, 255),
(1593, '磐石市', 1585, 255),
(1594, '永吉县', 1585, 255),
(1595, '白城', 1569, 255),
(1596, '洮北区', 1595, 255),
(1597, '洮南市', 1595, 255),
(1598, '大安市', 1595, 255),
(1599, '镇赉县', 1595, 255),
(1600, '通榆县', 1595, 255),
(1601, '白山', 1569, 255),
(1602, '江源区', 1601, 255),
(1603, '八道江区', 1601, 255),
(1604, '长白', 1601, 255),
(1605, '临江市', 1601, 255),
(1606, '抚松县', 1601, 255),
(1607, '靖宇县', 1601, 255),
(1608, '辽源', 1569, 255),
(1609, '龙山区', 1608, 255),
(1610, '西安区', 1608, 255),
(1611, '东丰县', 1608, 255),
(1612, '东辽县', 1608, 255),
(1613, '四平', 1569, 255),
(1614, '铁西区', 1613, 255),
(1615, '铁东区', 1613, 255),
(1616, '伊通', 1613, 255),
(1617, '公主岭市', 1613, 255),
(1618, '双辽市', 1613, 255),
(1619, '梨树县', 1613, 255),
(1620, '松原', 1569, 255),
(1621, '前郭尔罗斯', 1620, 255),
(1622, '宁江区', 1620, 255),
(1623, '长岭县', 1620, 255),
(1624, '乾安县', 1620, 255),
(1625, '扶余县', 1620, 255),
(1626, '通化', 1569, 255),
(1627, '东昌区', 1626, 255),
(1628, '二道江区', 1626, 255),
(1629, '梅河口市', 1626, 255),
(1630, '集安市', 1626, 255),
(1631, '通化县', 1626, 255),
(1632, '辉南县', 1626, 255),
(1633, '柳河县', 1626, 255),
(1634, '延边', 1569, 255),
(1635, '延吉市', 1634, 255),
(1636, '图们市', 1634, 255),
(1637, '敦化市', 1634, 255),
(1638, '珲春市', 1634, 255),
(1639, '龙井市', 1634, 255),
(1640, '和龙市', 1634, 255),
(1641, '安图县', 1634, 255),
(1642, '汪清县', 1634, 255),
(1643, '江苏', 1, 255),
(1644, '南京', 1643, 255),
(1645, '玄武区', 1644, 255),
(1646, '鼓楼区', 1644, 255),
(1647, '白下区', 1644, 255),
(1648, '建邺区', 1644, 255),
(1649, '秦淮区', 1644, 255),
(1650, '雨花台区', 1644, 255),
(1651, '下关区', 1644, 255),
(1652, '栖霞区', 1644, 255),
(1653, '浦口区', 1644, 255),
(1654, '江宁区', 1644, 255),
(1655, '六合区', 1644, 255),
(1656, '溧水县', 1644, 255),
(1657, '高淳县', 1644, 255),
(1658, '苏州', 1643, 255),
(1659, '沧浪区', 1658, 255),
(1660, '金阊区', 1658, 255),
(1661, '平江区', 1658, 255),
(1662, '虎丘区', 1658, 255),
(1663, '吴中区', 1658, 255),
(1664, '相城区', 1658, 255),
(1665, '园区', 1658, 255),
(1666, '新区', 1658, 255),
(1667, '常熟市', 1658, 255),
(1668, '张家港市', 1658, 255),
(1669, '玉山镇', 1658, 255),
(1670, '巴城镇', 1658, 255),
(1671, '周市镇', 1658, 255),
(1672, '陆家镇', 1658, 255),
(1673, '花桥镇', 1658, 255),
(1674, '淀山湖镇', 1658, 255),
(1675, '张浦镇', 1658, 255),
(1676, '周庄镇', 1658, 255),
(1677, '千灯镇', 1658, 255),
(1678, '锦溪镇', 1658, 255),
(1679, '开发区', 1658, 255),
(1680, '吴江市', 1658, 255),
(1681, '太仓市', 1658, 255),
(1682, '无锡', 1643, 255),
(1683, '崇安区', 1682, 255),
(1684, '北塘区', 1682, 255),
(1685, '南长区', 1682, 255),
(1686, '锡山区', 1682, 255),
(1687, '惠山区', 1682, 255),
(1688, '滨湖区', 1682, 255),
(1689, '新区', 1682, 255),
(1690, '江阴市', 1682, 255),
(1691, '宜兴市', 1682, 255),
(1692, '常州', 1643, 255),
(1693, '天宁区', 1692, 255),
(1694, '钟楼区', 1692, 255),
(1695, '戚墅堰区', 1692, 255),
(1696, '郊区', 1692, 255),
(1697, '新北区', 1692, 255),
(1698, '武进区', 1692, 255),
(1699, '溧阳市', 1692, 255),
(1700, '金坛市', 1692, 255),
(1701, '淮安', 1643, 255),
(1702, '清河区', 1701, 255),
(1703, '清浦区', 1701, 255),
(1704, '楚州区', 1701, 255),
(1705, '淮阴区', 1701, 255),
(1706, '涟水县', 1701, 255),
(1707, '洪泽县', 1701, 255),
(1708, '盱眙县', 1701, 255),
(1709, '金湖县', 1701, 255),
(1710, '连云港', 1643, 255),
(1711, '新浦区', 1710, 255),
(1712, '连云区', 1710, 255),
(1713, '海州区', 1710, 255),
(1714, '赣榆县', 1710, 255),
(1715, '东海县', 1710, 255),
(1716, '灌云县', 1710, 255),
(1717, '灌南县', 1710, 255),
(1718, '南通', 1643, 255),
(1719, '崇川区', 1718, 255),
(1720, '港闸区', 1718, 255),
(1721, '经济开发区', 1718, 255),
(1722, '启东市', 1718, 255),
(1723, '如皋市', 1718, 255),
(1724, '通州市', 1718, 255),
(1725, '海门市', 1718, 255),
(1726, '海安县', 1718, 255),
(1727, '如东县', 1718, 255),
(1728, '宿迁', 1643, 255),
(1729, '宿城区', 1728, 255),
(1730, '宿豫区', 1728, 255),
(1731, '宿豫县', 1728, 255),
(1732, '沭阳县', 1728, 255),
(1733, '泗阳县', 1728, 255),
(1734, '泗洪县', 1728, 255),
(1735, '泰州', 1643, 255),
(1736, '海陵区', 1735, 255),
(1737, '高港区', 1735, 255),
(1738, '兴化市', 1735, 255),
(1739, '靖江市', 1735, 255),
(1740, '泰兴市', 1735, 255),
(1741, '姜堰市', 1735, 255),
(1742, '徐州', 1643, 255),
(1743, '云龙区', 1742, 255),
(1744, '鼓楼区', 1742, 255),
(1745, '九里区', 1742, 255),
(1746, '贾汪区', 1742, 255),
(1747, '泉山区', 1742, 255),
(1748, '新沂市', 1742, 255),
(1749, '邳州市', 1742, 255),
(1750, '丰县', 1742, 255),
(1751, '沛县', 1742, 255),
(1752, '铜山县', 1742, 255),
(1753, '睢宁县', 1742, 255),
(1754, '盐城', 1643, 255),
(1755, '城区', 1754, 255),
(1756, '亭湖区', 1754, 255),
(1757, '盐都区', 1754, 255);
INSERT INTO `ecm_region` (`region_id`, `region_name`, `parent_id`, `sort_order`) VALUES
(1758, '盐都县', 1754, 255),
(1759, '东台市', 1754, 255),
(1760, '大丰市', 1754, 255),
(1761, '响水县', 1754, 255),
(1762, '滨海县', 1754, 255),
(1763, '阜宁县', 1754, 255),
(1764, '射阳县', 1754, 255),
(1765, '建湖县', 1754, 255),
(1766, '扬州', 1643, 255),
(1767, '广陵区', 1766, 255),
(1768, '维扬区', 1766, 255),
(1769, '邗江区', 1766, 255),
(1770, '仪征市', 1766, 255),
(1771, '高邮市', 1766, 255),
(1772, '江都市', 1766, 255),
(1773, '宝应县', 1766, 255),
(1774, '镇江', 1643, 255),
(1775, '京口区', 1774, 255),
(1776, '润州区', 1774, 255),
(1777, '丹徒区', 1774, 255),
(1778, '丹阳市', 1774, 255),
(1779, '扬中市', 1774, 255),
(1780, '句容市', 1774, 255),
(1781, '江西', 1, 255),
(1782, '南昌', 1781, 255),
(1783, '东湖区', 1782, 255),
(1784, '西湖区', 1782, 255),
(1785, '青云谱区', 1782, 255),
(1786, '湾里区', 1782, 255),
(1787, '青山湖区', 1782, 255),
(1788, '红谷滩新区', 1782, 255),
(1789, '昌北区', 1782, 255),
(1790, '高新区', 1782, 255),
(1791, '南昌县', 1782, 255),
(1792, '新建县', 1782, 255),
(1793, '安义县', 1782, 255),
(1794, '进贤县', 1782, 255),
(1795, '抚州', 1781, 255),
(1796, '临川区', 1795, 255),
(1797, '南城县', 1795, 255),
(1798, '黎川县', 1795, 255),
(1799, '南丰县', 1795, 255),
(1800, '崇仁县', 1795, 255),
(1801, '乐安县', 1795, 255),
(1802, '宜黄县', 1795, 255),
(1803, '金溪县', 1795, 255),
(1804, '资溪县', 1795, 255),
(1805, '东乡县', 1795, 255),
(1806, '广昌县', 1795, 255),
(1807, '赣州', 1781, 255),
(1808, '章贡区', 1807, 255),
(1809, '于都县', 1807, 255),
(1810, '瑞金市', 1807, 255),
(1811, '南康市', 1807, 255),
(1812, '赣县', 1807, 255),
(1813, '信丰县', 1807, 255),
(1814, '大余县', 1807, 255),
(1815, '上犹县', 1807, 255),
(1816, '崇义县', 1807, 255),
(1817, '安远县', 1807, 255),
(1818, '龙南县', 1807, 255),
(1819, '定南县', 1807, 255),
(1820, '全南县', 1807, 255),
(1821, '宁都县', 1807, 255),
(1822, '兴国县', 1807, 255),
(1823, '会昌县', 1807, 255),
(1824, '寻乌县', 1807, 255),
(1825, '石城县', 1807, 255),
(1826, '吉安', 1781, 255),
(1827, '安福县', 1826, 255),
(1828, '吉州区', 1826, 255),
(1829, '青原区', 1826, 255),
(1830, '井冈山市', 1826, 255),
(1831, '吉安县', 1826, 255),
(1832, '吉水县', 1826, 255),
(1833, '峡江县', 1826, 255),
(1834, '新干县', 1826, 255),
(1835, '永丰县', 1826, 255),
(1836, '泰和县', 1826, 255),
(1837, '遂川县', 1826, 255),
(1838, '万安县', 1826, 255),
(1839, '永新县', 1826, 255),
(1840, '景德镇', 1781, 255),
(1841, '珠山区', 1840, 255),
(1842, '昌江区', 1840, 255),
(1843, '乐平市', 1840, 255),
(1844, '浮梁县', 1840, 255),
(1845, '九江', 1781, 255),
(1846, '浔阳区', 1845, 255),
(1847, '庐山区', 1845, 255),
(1848, '瑞昌市', 1845, 255),
(1849, '九江县', 1845, 255),
(1850, '武宁县', 1845, 255),
(1851, '修水县', 1845, 255),
(1852, '永修县', 1845, 255),
(1853, '德安县', 1845, 255),
(1854, '星子县', 1845, 255),
(1855, '都昌县', 1845, 255),
(1856, '湖口县', 1845, 255),
(1857, '彭泽县', 1845, 255),
(1858, '萍乡', 1781, 255),
(1859, '安源区', 1858, 255),
(1860, '湘东区', 1858, 255),
(1861, '莲花县', 1858, 255),
(1862, '芦溪县', 1858, 255),
(1863, '上栗县', 1858, 255),
(1864, '上饶', 1781, 255),
(1865, '信州区', 1864, 255),
(1866, '德兴市', 1864, 255),
(1867, '上饶县', 1864, 255),
(1868, '广丰县', 1864, 255),
(1869, '玉山县', 1864, 255),
(1870, '铅山县', 1864, 255),
(1871, '横峰县', 1864, 255),
(1872, '弋阳县', 1864, 255),
(1873, '余干县', 1864, 255),
(1874, '波阳县', 1864, 255),
(1875, '万年县', 1864, 255),
(1876, '婺源县', 1864, 255),
(1877, '新余', 1781, 255),
(1878, '渝水区', 1877, 255),
(1879, '分宜县', 1877, 255),
(1880, '宜春', 1781, 255),
(1881, '袁州区', 1880, 255),
(1882, '丰城市', 1880, 255),
(1883, '樟树市', 1880, 255),
(1884, '高安市', 1880, 255),
(1885, '奉新县', 1880, 255),
(1886, '万载县', 1880, 255),
(1887, '上高县', 1880, 255),
(1888, '宜丰县', 1880, 255),
(1889, '靖安县', 1880, 255),
(1890, '铜鼓县', 1880, 255),
(1891, '鹰潭', 1781, 255),
(1892, '月湖区', 1891, 255),
(1893, '贵溪市', 1891, 255),
(1894, '余江县', 1891, 255),
(1895, '辽宁', 1, 255),
(1896, '沈阳', 1895, 255),
(1897, '沈河区', 1896, 255),
(1898, '皇姑区', 1896, 255),
(1899, '和平区', 1896, 255),
(1900, '大东区', 1896, 255),
(1901, '铁西区', 1896, 255),
(1902, '苏家屯区', 1896, 255),
(1903, '东陵区', 1896, 255),
(1904, '沈北新区', 1896, 255),
(1905, '于洪区', 1896, 255),
(1906, '浑南新区', 1896, 255),
(1907, '新民市', 1896, 255),
(1908, '辽中县', 1896, 255),
(1909, '康平县', 1896, 255),
(1910, '法库县', 1896, 255),
(1911, '大连', 1895, 255),
(1912, '西岗区', 1911, 255),
(1913, '中山区', 1911, 255),
(1914, '沙河口区', 1911, 255),
(1915, '甘井子区', 1911, 255),
(1916, '旅顺口区', 1911, 255),
(1917, '金州区', 1911, 255),
(1918, '开发区', 1911, 255),
(1919, '瓦房店市', 1911, 255),
(1920, '普兰店市', 1911, 255),
(1921, '庄河市', 1911, 255),
(1922, '长海县', 1911, 255),
(1923, '鞍山', 1895, 255),
(1924, '铁东区', 1923, 255),
(1925, '铁西区', 1923, 255),
(1926, '立山区', 1923, 255),
(1927, '千山区', 1923, 255),
(1928, '岫岩', 1923, 255),
(1929, '海城市', 1923, 255),
(1930, '台安县', 1923, 255),
(1931, '本溪', 1895, 255),
(1932, '本溪', 1931, 255),
(1933, '平山区', 1931, 255),
(1934, '明山区', 1931, 255),
(1935, '溪湖区', 1931, 255),
(1936, '南芬区', 1931, 255),
(1937, '桓仁', 1931, 255),
(1938, '朝阳', 1895, 255),
(1939, '双塔区', 1938, 255),
(1940, '龙城区', 1938, 255),
(1941, '喀喇沁左翼蒙古族自治县', 1938, 255),
(1942, '北票市', 1938, 255),
(1943, '凌源市', 1938, 255),
(1944, '朝阳县', 1938, 255),
(1945, '建平县', 1938, 255),
(1946, '丹东', 1895, 255),
(1947, '振兴区', 1946, 255),
(1948, '元宝区', 1946, 255),
(1949, '振安区', 1946, 255),
(1950, '宽甸', 1946, 255),
(1951, '东港市', 1946, 255),
(1952, '凤城市', 1946, 255),
(1953, '抚顺', 1895, 255),
(1954, '顺城区', 1953, 255),
(1955, '新抚区', 1953, 255),
(1956, '东洲区', 1953, 255),
(1957, '望花区', 1953, 255),
(1958, '清原', 1953, 255),
(1959, '新宾', 1953, 255),
(1960, '抚顺县', 1953, 255),
(1961, '阜新', 1895, 255),
(1962, '阜新', 1961, 255),
(1963, '海州区', 1961, 255),
(1964, '新邱区', 1961, 255),
(1965, '太平区', 1961, 255),
(1966, '清河门区', 1961, 255),
(1967, '细河区', 1961, 255),
(1968, '彰武县', 1961, 255),
(1969, '葫芦岛', 1895, 255),
(1970, '龙港区', 1969, 255),
(1971, '南票区', 1969, 255),
(1972, '连山区', 1969, 255),
(1973, '兴城市', 1969, 255),
(1974, '绥中县', 1969, 255),
(1975, '建昌县', 1969, 255),
(1976, '锦州', 1895, 255),
(1977, '太和区', 1976, 255),
(1978, '古塔区', 1976, 255),
(1979, '凌河区', 1976, 255),
(1980, '凌海市', 1976, 255),
(1981, '北镇市', 1976, 255),
(1982, '黑山县', 1976, 255),
(1983, '义县', 1976, 255),
(1984, '辽阳', 1895, 255),
(1985, '白塔区', 1984, 255),
(1986, '文圣区', 1984, 255),
(1987, '宏伟区', 1984, 255),
(1988, '太子河区', 1984, 255),
(1989, '弓长岭区', 1984, 255),
(1990, '灯塔市', 1984, 255),
(1991, '辽阳县', 1984, 255),
(1992, '盘锦', 1895, 255),
(1993, '双台子区', 1992, 255),
(1994, '兴隆台区', 1992, 255),
(1995, '大洼县', 1992, 255),
(1996, '盘山县', 1992, 255),
(1997, '铁岭', 1895, 255),
(1998, '银州区', 1997, 255),
(1999, '清河区', 1997, 255),
(2000, '调兵山市', 1997, 255),
(2001, '开原市', 1997, 255),
(2002, '铁岭县', 1997, 255),
(2003, '西丰县', 1997, 255),
(2004, '昌图县', 1997, 255),
(2005, '营口', 1895, 255),
(2006, '站前区', 2005, 255),
(2007, '西市区', 2005, 255),
(2008, '鲅鱼圈区', 2005, 255),
(2009, '老边区', 2005, 255),
(2010, '盖州市', 2005, 255),
(2011, '大石桥市', 2005, 255),
(2012, '内蒙古', 1, 255),
(2013, '呼和浩特', 2012, 255),
(2014, '回民区', 2013, 255),
(2015, '玉泉区', 2013, 255),
(2016, '新城区', 2013, 255),
(2017, '赛罕区', 2013, 255),
(2018, '清水河县', 2013, 255),
(2019, '土默特左旗', 2013, 255),
(2020, '托克托县', 2013, 255),
(2021, '和林格尔县', 2013, 255),
(2022, '武川县', 2013, 255),
(2023, '阿拉善盟', 2012, 255),
(2024, '阿拉善左旗', 2023, 255),
(2025, '阿拉善右旗', 2023, 255),
(2026, '额济纳旗', 2023, 255),
(2027, '巴彦淖尔盟', 2012, 255),
(2028, '临河区', 2027, 255),
(2029, '五原县', 2027, 255),
(2030, '磴口县', 2027, 255),
(2031, '乌拉特前旗', 2027, 255),
(2032, '乌拉特中旗', 2027, 255),
(2033, '乌拉特后旗', 2027, 255),
(2034, '杭锦后旗', 2027, 255),
(2035, '包头', 2012, 255),
(2036, '昆都仑区', 2035, 255),
(2037, '青山区', 2035, 255),
(2038, '东河区', 2035, 255),
(2039, '九原区', 2035, 255),
(2040, '石拐区', 2035, 255),
(2041, '白云矿区', 2035, 255),
(2042, '土默特右旗', 2035, 255),
(2043, '固阳县', 2035, 255),
(2044, '达尔罕茂明安联合旗', 2035, 255),
(2045, '赤峰', 2012, 255),
(2046, '红山区', 2045, 255),
(2047, '元宝山区', 2045, 255),
(2048, '松山区', 2045, 255),
(2049, '阿鲁科尔沁旗', 2045, 255),
(2050, '巴林左旗', 2045, 255),
(2051, '巴林右旗', 2045, 255),
(2052, '林西县', 2045, 255),
(2053, '克什克腾旗', 2045, 255),
(2054, '翁牛特旗', 2045, 255),
(2055, '喀喇沁旗', 2045, 255),
(2056, '宁城县', 2045, 255),
(2057, '敖汉旗', 2045, 255),
(2058, '鄂尔多斯', 2012, 255),
(2059, '东胜区', 2058, 255),
(2060, '达拉特旗', 2058, 255),
(2061, '准格尔旗', 2058, 255),
(2062, '鄂托克前旗', 2058, 255),
(2063, '鄂托克旗', 2058, 255),
(2064, '杭锦旗', 2058, 255),
(2065, '乌审旗', 2058, 255),
(2066, '伊金霍洛旗', 2058, 255),
(2067, '呼伦贝尔', 2012, 255),
(2068, '海拉尔区', 2067, 255),
(2069, '莫力达瓦', 2067, 255),
(2070, '满洲里市', 2067, 255),
(2071, '牙克石市', 2067, 255),
(2072, '扎兰屯市', 2067, 255),
(2073, '额尔古纳市', 2067, 255),
(2074, '根河市', 2067, 255),
(2075, '阿荣旗', 2067, 255),
(2076, '鄂伦春自治旗', 2067, 255),
(2077, '鄂温克族自治旗', 2067, 255),
(2078, '陈巴尔虎旗', 2067, 255),
(2079, '新巴尔虎左旗', 2067, 255),
(2080, '新巴尔虎右旗', 2067, 255),
(2081, '通辽', 2012, 255),
(2082, '科尔沁区', 2081, 255),
(2083, '霍林郭勒市', 2081, 255),
(2084, '科尔沁左翼中旗', 2081, 255),
(2085, '科尔沁左翼后旗', 2081, 255),
(2086, '开鲁县', 2081, 255),
(2087, '库伦旗', 2081, 255),
(2088, '奈曼旗', 2081, 255),
(2089, '扎鲁特旗', 2081, 255),
(2090, '乌海', 2012, 255),
(2091, '海勃湾区', 2090, 255),
(2092, '乌达区', 2090, 255),
(2093, '海南区', 2090, 255),
(2094, '乌兰察布市', 2012, 255),
(2095, '化德县', 2094, 255),
(2096, '集宁区', 2094, 255),
(2097, '丰镇市', 2094, 255),
(2098, '卓资县', 2094, 255),
(2099, '商都县', 2094, 255),
(2100, '兴和县', 2094, 255),
(2101, '凉城县', 2094, 255),
(2102, '察哈尔右翼前旗', 2094, 255),
(2103, '察哈尔右翼中旗', 2094, 255),
(2104, '察哈尔右翼后旗', 2094, 255),
(2105, '四子王旗', 2094, 255),
(2106, '锡林郭勒盟', 2012, 255),
(2107, '二连浩特市', 2106, 255),
(2108, '锡林浩特市', 2106, 255),
(2109, '阿巴嘎旗', 2106, 255),
(2110, '苏尼特左旗', 2106, 255),
(2111, '苏尼特右旗', 2106, 255),
(2112, '东乌珠穆沁旗', 2106, 255),
(2113, '西乌珠穆沁旗', 2106, 255),
(2114, '太仆寺旗', 2106, 255),
(2115, '镶黄旗', 2106, 255),
(2116, '正镶白旗', 2106, 255),
(2117, '正蓝旗', 2106, 255),
(2118, '多伦县', 2106, 255),
(2119, '兴安盟', 2012, 255),
(2120, '乌兰浩特市', 2119, 255),
(2121, '阿尔山市', 2119, 255),
(2122, '科尔沁右翼前旗', 2119, 255),
(2123, '科尔沁右翼中旗', 2119, 255),
(2124, '扎赉特旗', 2119, 255),
(2125, '突泉县', 2119, 255),
(2126, '宁夏', 1, 255),
(2127, '银川', 2126, 255),
(2128, '西夏区', 2127, 255),
(2129, '金凤区', 2127, 255),
(2130, '兴庆区', 2127, 255),
(2131, '灵武市', 2127, 255),
(2132, '永宁县', 2127, 255),
(2133, '贺兰县', 2127, 255),
(2134, '固原', 2126, 255),
(2135, '原州区', 2134, 255),
(2136, '海原县', 2134, 255),
(2137, '西吉县', 2134, 255),
(2138, '隆德县', 2134, 255),
(2139, '泾源县', 2134, 255),
(2140, '彭阳县', 2134, 255),
(2141, '石嘴山', 2126, 255),
(2142, '惠农县', 2141, 255),
(2143, '大武口区', 2141, 255),
(2144, '惠农区', 2141, 255),
(2145, '陶乐县', 2141, 255),
(2146, '平罗县', 2141, 255),
(2147, '吴忠', 2126, 255),
(2148, '利通区', 2147, 255),
(2149, '中卫县', 2147, 255),
(2150, '青铜峡市', 2147, 255),
(2151, '中宁县', 2147, 255),
(2152, '盐池县', 2147, 255),
(2153, '同心县', 2147, 255),
(2154, '中卫', 2126, 255),
(2155, '沙坡头区', 2154, 255),
(2156, '海原县', 2154, 255),
(2157, '中宁县', 2154, 255),
(2158, '青海', 1, 255),
(2159, '西宁', 2158, 255),
(2160, '城中区', 2159, 255),
(2161, '城东区', 2159, 255),
(2162, '城西区', 2159, 255),
(2163, '城北区', 2159, 255),
(2164, '湟中县', 2159, 255),
(2165, '湟源县', 2159, 255),
(2166, '大通', 2159, 255),
(2167, '果洛', 2158, 255),
(2168, '玛沁县', 2167, 255),
(2169, '班玛县', 2167, 255),
(2170, '甘德县', 2167, 255),
(2171, '达日县', 2167, 255),
(2172, '久治县', 2167, 255),
(2173, '玛多县', 2167, 255),
(2174, '海北', 2158, 255),
(2175, '海晏县', 2174, 255),
(2176, '祁连县', 2174, 255),
(2177, '刚察县', 2174, 255),
(2178, '门源', 2174, 255),
(2179, '海东', 2158, 255),
(2180, '平安县', 2179, 255),
(2181, '乐都县', 2179, 255),
(2182, '民和', 2179, 255),
(2183, '互助', 2179, 255),
(2184, '化隆', 2179, 255),
(2185, '循化', 2179, 255),
(2186, '海南', 2158, 255),
(2187, '共和县', 2186, 255),
(2188, '同德县', 2186, 255),
(2189, '贵德县', 2186, 255),
(2190, '兴海县', 2186, 255),
(2191, '贵南县', 2186, 255),
(2192, '海西', 2158, 255),
(2193, '德令哈市', 2192, 255),
(2194, '格尔木市', 2192, 255),
(2195, '乌兰县', 2192, 255),
(2196, '都兰县', 2192, 255),
(2197, '天峻县', 2192, 255),
(2198, '黄南', 2158, 255),
(2199, '同仁县', 2198, 255),
(2200, '尖扎县', 2198, 255),
(2201, '泽库县', 2198, 255),
(2202, '河南蒙古族自治县', 2198, 255),
(2203, '玉树', 2158, 255),
(2204, '玉树县', 2203, 255),
(2205, '杂多县', 2203, 255),
(2206, '称多县', 2203, 255),
(2207, '治多县', 2203, 255),
(2208, '囊谦县', 2203, 255),
(2209, '曲麻莱县', 2203, 255),
(2210, '山东', 1, 255),
(2211, '济南', 2210, 255),
(2212, '市中区', 2211, 255),
(2213, '历下区', 2211, 255),
(2214, '天桥区', 2211, 255),
(2215, '槐荫区', 2211, 255),
(2216, '历城区', 2211, 255),
(2217, '长清区', 2211, 255),
(2218, '章丘市', 2211, 255),
(2219, '平阴县', 2211, 255),
(2220, '济阳县', 2211, 255),
(2221, '商河县', 2211, 255),
(2222, '青岛', 2210, 255),
(2223, '市南区', 2222, 255),
(2224, '市北区', 2222, 255),
(2225, '城阳区', 2222, 255),
(2226, '四方区', 2222, 255),
(2227, '李沧区', 2222, 255),
(2228, '黄岛区', 2222, 255),
(2229, '崂山区', 2222, 255),
(2230, '胶州市', 2222, 255),
(2231, '即墨市', 2222, 255),
(2232, '平度市', 2222, 255),
(2233, '胶南市', 2222, 255),
(2234, '莱西市', 2222, 255),
(2235, '滨州', 2210, 255),
(2236, '滨城区', 2235, 255),
(2237, '惠民县', 2235, 255),
(2238, '阳信县', 2235, 255),
(2239, '无棣县', 2235, 255),
(2240, '沾化县', 2235, 255),
(2241, '博兴县', 2235, 255),
(2242, '邹平县', 2235, 255),
(2243, '德州', 2210, 255),
(2244, '德城区', 2243, 255),
(2245, '陵县', 2243, 255),
(2246, '乐陵市', 2243, 255),
(2247, '禹城市', 2243, 255),
(2248, '宁津县', 2243, 255),
(2249, '庆云县', 2243, 255),
(2250, '临邑县', 2243, 255),
(2251, '齐河县', 2243, 255),
(2252, '平原县', 2243, 255),
(2253, '夏津县', 2243, 255),
(2254, '武城县', 2243, 255),
(2255, '东营', 2210, 255),
(2256, '东营区', 2255, 255),
(2257, '河口区', 2255, 255),
(2258, '垦利县', 2255, 255),
(2259, '利津县', 2255, 255),
(2260, '广饶县', 2255, 255),
(2261, '菏泽', 2210, 255),
(2262, '牡丹区', 2261, 255),
(2263, '曹县', 2261, 255),
(2264, '单县', 2261, 255),
(2265, '成武县', 2261, 255),
(2266, '巨野县', 2261, 255),
(2267, '郓城县', 2261, 255),
(2268, '鄄城县', 2261, 255),
(2269, '定陶县', 2261, 255),
(2270, '东明县', 2261, 255),
(2271, '济宁', 2210, 255),
(2272, '市中区', 2271, 255),
(2273, '任城区', 2271, 255),
(2274, '曲阜市', 2271, 255),
(2275, '兖州市', 2271, 255),
(2276, '邹城市', 2271, 255),
(2277, '微山县', 2271, 255),
(2278, '鱼台县', 2271, 255),
(2279, '金乡县', 2271, 255),
(2280, '嘉祥县', 2271, 255),
(2281, '汶上县', 2271, 255),
(2282, '泗水县', 2271, 255),
(2283, '梁山县', 2271, 255),
(2284, '莱芜', 2210, 255),
(2285, '莱城区', 2284, 255),
(2286, '钢城区', 2284, 255),
(2287, '聊城', 2210, 255),
(2288, '东昌府区', 2287, 255),
(2289, '临清市', 2287, 255),
(2290, '阳谷县', 2287, 255),
(2291, '莘县', 2287, 255),
(2292, '茌平县', 2287, 255),
(2293, '东阿县', 2287, 255),
(2294, '冠县', 2287, 255),
(2295, '高唐县', 2287, 255),
(2296, '临沂', 2210, 255),
(2297, '兰山区', 2296, 255),
(2298, '罗庄区', 2296, 255),
(2299, '河东区', 2296, 255),
(2300, '沂南县', 2296, 255),
(2301, '郯城县', 2296, 255),
(2302, '沂水县', 2296, 255),
(2303, '苍山县', 2296, 255),
(2304, '费县', 2296, 255),
(2305, '平邑县', 2296, 255),
(2306, '莒南县', 2296, 255),
(2307, '蒙阴县', 2296, 255),
(2308, '临沭县', 2296, 255),
(2309, '日照', 2210, 255),
(2310, '东港区', 2309, 255),
(2311, '岚山区', 2309, 255),
(2312, '五莲县', 2309, 255),
(2313, '莒县', 2309, 255),
(2314, '泰安', 2210, 255),
(2315, '泰山区', 2314, 255),
(2316, '岱岳区', 2314, 255),
(2317, '新泰市', 2314, 255),
(2318, '肥城市', 2314, 255),
(2319, '宁阳县', 2314, 255),
(2320, '东平县', 2314, 255),
(2321, '威海', 2210, 255),
(2322, '荣成市', 2321, 255),
(2323, '乳山市', 2321, 255),
(2324, '环翠区', 2321, 255),
(2325, '文登市', 2321, 255),
(2326, '潍坊', 2210, 255),
(2327, '潍城区', 2326, 255),
(2328, '寒亭区', 2326, 255),
(2329, '坊子区', 2326, 255),
(2330, '奎文区', 2326, 255),
(2331, '青州市', 2326, 255),
(2332, '诸城市', 2326, 255),
(2333, '寿光市', 2326, 255),
(2334, '安丘市', 2326, 255),
(2335, '高密市', 2326, 255),
(2336, '昌邑市', 2326, 255),
(2337, '临朐县', 2326, 255),
(2338, '昌乐县', 2326, 255),
(2339, '烟台', 2210, 255),
(2340, '芝罘区', 2339, 255),
(2341, '福山区', 2339, 255),
(2342, '牟平区', 2339, 255),
(2343, '莱山区', 2339, 255),
(2344, '开发区', 2339, 255),
(2345, '龙口市', 2339, 255),
(2346, '莱阳市', 2339, 255),
(2347, '莱州市', 2339, 255),
(2348, '蓬莱市', 2339, 255),
(2349, '招远市', 2339, 255),
(2350, '栖霞市', 2339, 255),
(2351, '海阳市', 2339, 255),
(2352, '长岛县', 2339, 255),
(2353, '枣庄', 2210, 255),
(2354, '市中区', 2353, 255),
(2355, '山亭区', 2353, 255),
(2356, '峄城区', 2353, 255),
(2357, '台儿庄区', 2353, 255),
(2358, '薛城区', 2353, 255),
(2359, '滕州市', 2353, 255),
(2360, '淄博', 2210, 255),
(2361, '张店区', 2360, 255),
(2362, '临淄区', 2360, 255),
(2363, '淄川区', 2360, 255),
(2364, '博山区', 2360, 255),
(2365, '周村区', 2360, 255),
(2366, '桓台县', 2360, 255),
(2367, '高青县', 2360, 255),
(2368, '沂源县', 2360, 255),
(2369, '山西', 1, 255),
(2370, '太原', 2369, 255),
(2371, '杏花岭区', 2370, 255),
(2372, '小店区', 2370, 255),
(2373, '迎泽区', 2370, 255),
(2374, '尖草坪区', 2370, 255),
(2375, '万柏林区', 2370, 255),
(2376, '晋源区', 2370, 255),
(2377, '高新开发区', 2370, 255),
(2378, '民营经济开发区', 2370, 255),
(2379, '经济技术开发区', 2370, 255),
(2380, '清徐县', 2370, 255),
(2381, '阳曲县', 2370, 255),
(2382, '娄烦县', 2370, 255),
(2383, '古交市', 2370, 255),
(2384, '长治', 2369, 255),
(2385, '城区', 2384, 255),
(2386, '郊区', 2384, 255),
(2387, '沁县', 2384, 255),
(2388, '潞城市', 2384, 255),
(2389, '长治县', 2384, 255),
(2390, '襄垣县', 2384, 255),
(2391, '屯留县', 2384, 255),
(2392, '平顺县', 2384, 255),
(2393, '黎城县', 2384, 255),
(2394, '壶关县', 2384, 255),
(2395, '长子县', 2384, 255),
(2396, '武乡县', 2384, 255),
(2397, '沁源县', 2384, 255),
(2398, '大同', 2369, 255),
(2399, '城区', 2398, 255),
(2400, '矿区', 2398, 255),
(2401, '南郊区', 2398, 255),
(2402, '新荣区', 2398, 255),
(2403, '阳高县', 2398, 255),
(2404, '天镇县', 2398, 255),
(2405, '广灵县', 2398, 255),
(2406, '灵丘县', 2398, 255),
(2407, '浑源县', 2398, 255),
(2408, '左云县', 2398, 255),
(2409, '大同县', 2398, 255),
(2410, '晋城', 2369, 255),
(2411, '城区', 2410, 255),
(2412, '高平市', 2410, 255),
(2413, '沁水县', 2410, 255),
(2414, '阳城县', 2410, 255),
(2415, '陵川县', 2410, 255),
(2416, '泽州县', 2410, 255),
(2417, '晋中', 2369, 255),
(2418, '榆次区', 2417, 255),
(2419, '介休市', 2417, 255),
(2420, '榆社县', 2417, 255),
(2421, '左权县', 2417, 255),
(2422, '和顺县', 2417, 255),
(2423, '昔阳县', 2417, 255),
(2424, '寿阳县', 2417, 255),
(2425, '太谷县', 2417, 255),
(2426, '祁县', 2417, 255),
(2427, '平遥县', 2417, 255),
(2428, '灵石县', 2417, 255),
(2429, '临汾', 2369, 255),
(2430, '尧都区', 2429, 255),
(2431, '侯马市', 2429, 255),
(2432, '霍州市', 2429, 255),
(2433, '曲沃县', 2429, 255),
(2434, '翼城县', 2429, 255),
(2435, '襄汾县', 2429, 255),
(2436, '洪洞县', 2429, 255),
(2437, '吉县', 2429, 255),
(2438, '安泽县', 2429, 255),
(2439, '浮山县', 2429, 255),
(2440, '古县', 2429, 255),
(2441, '乡宁县', 2429, 255),
(2442, '大宁县', 2429, 255),
(2443, '隰县', 2429, 255),
(2444, '永和县', 2429, 255),
(2445, '蒲县', 2429, 255),
(2446, '汾西县', 2429, 255),
(2447, '吕梁', 2369, 255),
(2448, '离石市', 2447, 255),
(2449, '离石区', 2447, 255),
(2450, '孝义市', 2447, 255),
(2451, '汾阳市', 2447, 255),
(2452, '文水县', 2447, 255),
(2453, '交城县', 2447, 255),
(2454, '兴县', 2447, 255),
(2455, '临县', 2447, 255),
(2456, '柳林县', 2447, 255),
(2457, '石楼县', 2447, 255),
(2458, '岚县', 2447, 255),
(2459, '方山县', 2447, 255),
(2460, '中阳县', 2447, 255),
(2461, '交口县', 2447, 255),
(2462, '朔州', 2369, 255),
(2463, '朔城区', 2462, 255),
(2464, '平鲁区', 2462, 255),
(2465, '山阴县', 2462, 255),
(2466, '应县', 2462, 255),
(2467, '右玉县', 2462, 255),
(2468, '怀仁县', 2462, 255),
(2469, '忻州', 2369, 255),
(2470, '忻府区', 2469, 255),
(2471, '原平市', 2469, 255),
(2472, '定襄县', 2469, 255),
(2473, '五台县', 2469, 255),
(2474, '代县', 2469, 255),
(2475, '繁峙县', 2469, 255),
(2476, '宁武县', 2469, 255),
(2477, '静乐县', 2469, 255),
(2478, '神池县', 2469, 255),
(2479, '五寨县', 2469, 255),
(2480, '岢岚县', 2469, 255),
(2481, '河曲县', 2469, 255),
(2482, '保德县', 2469, 255),
(2483, '偏关县', 2469, 255),
(2484, '阳泉', 2369, 255),
(2485, '城区', 2484, 255),
(2486, '矿区', 2484, 255),
(2487, '郊区', 2484, 255),
(2488, '平定县', 2484, 255),
(2489, '盂县', 2484, 255),
(2490, '运城', 2369, 255),
(2491, '盐湖区', 2490, 255),
(2492, '永济市', 2490, 255),
(2493, '河津市', 2490, 255),
(2494, '临猗县', 2490, 255),
(2495, '万荣县', 2490, 255),
(2496, '闻喜县', 2490, 255),
(2497, '稷山县', 2490, 255),
(2498, '新绛县', 2490, 255),
(2499, '绛县', 2490, 255),
(2500, '垣曲县', 2490, 255),
(2501, '夏县', 2490, 255),
(2502, '平陆县', 2490, 255),
(2503, '芮城县', 2490, 255),
(2504, '陕西', 1, 255),
(2505, '西安', 2504, 255),
(2506, '莲湖区', 2505, 255),
(2507, '新城区', 2505, 255),
(2508, '碑林区', 2505, 255),
(2509, '雁塔区', 2505, 255),
(2510, '灞桥区', 2505, 255),
(2511, '未央区', 2505, 255),
(2512, '阎良区', 2505, 255),
(2513, '临潼区', 2505, 255),
(2514, '长安区', 2505, 255),
(2515, '蓝田县', 2505, 255),
(2516, '周至县', 2505, 255),
(2517, '户县', 2505, 255),
(2518, '高陵县', 2505, 255),
(2519, '安康', 2504, 255),
(2520, '汉滨区', 2519, 255),
(2521, '汉阴县', 2519, 255),
(2522, '石泉县', 2519, 255),
(2523, '宁陕县', 2519, 255),
(2524, '紫阳县', 2519, 255),
(2525, '岚皋县', 2519, 255),
(2526, '平利县', 2519, 255),
(2527, '镇坪县', 2519, 255),
(2528, '旬阳县', 2519, 255),
(2529, '白河县', 2519, 255),
(2530, '宝鸡', 2504, 255),
(2531, '陈仓区', 2530, 255),
(2532, '渭滨区', 2530, 255),
(2533, '金台区', 2530, 255),
(2534, '凤翔县', 2530, 255),
(2535, '岐山县', 2530, 255),
(2536, '扶风县', 2530, 255),
(2537, '眉县', 2530, 255),
(2538, '陇县', 2530, 255),
(2539, '千阳县', 2530, 255),
(2540, '麟游县', 2530, 255),
(2541, '凤县', 2530, 255),
(2542, '太白县', 2530, 255),
(2543, '汉中', 2504, 255),
(2544, '汉台区', 2543, 255),
(2545, '南郑县', 2543, 255),
(2546, '城固县', 2543, 255),
(2547, '洋县', 2543, 255),
(2548, '西乡县', 2543, 255),
(2549, '勉县', 2543, 255),
(2550, '宁强县', 2543, 255),
(2551, '略阳县', 2543, 255),
(2552, '镇巴县', 2543, 255),
(2553, '留坝县', 2543, 255),
(2554, '佛坪县', 2543, 255),
(2555, '商洛', 2504, 255),
(2556, '商州区', 2555, 255),
(2557, '洛南县', 2555, 255),
(2558, '丹凤县', 2555, 255),
(2559, '商南县', 2555, 255),
(2560, '山阳县', 2555, 255),
(2561, '镇安县', 2555, 255),
(2562, '柞水县', 2555, 255),
(2563, '铜川', 2504, 255),
(2564, '耀州区', 2563, 255),
(2565, '王益区', 2563, 255),
(2566, '印台区', 2563, 255),
(2567, '宜君县', 2563, 255),
(2568, '渭南', 2504, 255),
(2569, '临渭区', 2568, 255),
(2570, '韩城市', 2568, 255),
(2571, '华阴市', 2568, 255),
(2572, '华县', 2568, 255),
(2573, '潼关县', 2568, 255),
(2574, '大荔县', 2568, 255),
(2575, '合阳县', 2568, 255),
(2576, '澄城县', 2568, 255),
(2577, '蒲城县', 2568, 255),
(2578, '白水县', 2568, 255),
(2579, '富平县', 2568, 255),
(2580, '咸阳', 2504, 255),
(2581, '秦都区', 2580, 255),
(2582, '渭城区', 2580, 255),
(2583, '杨陵区', 2580, 255),
(2584, '兴平市', 2580, 255),
(2585, '三原县', 2580, 255),
(2586, '泾阳县', 2580, 255),
(2587, '乾县', 2580, 255),
(2588, '礼泉县', 2580, 255),
(2589, '永寿县', 2580, 255),
(2590, '彬县', 2580, 255),
(2591, '长武县', 2580, 255),
(2592, '旬邑县', 2580, 255),
(2593, '淳化县', 2580, 255),
(2594, '武功县', 2580, 255),
(2595, '延安', 2504, 255),
(2596, '吴起县', 2595, 255),
(2597, '宝塔区', 2595, 255),
(2598, '延长县', 2595, 255),
(2599, '延川县', 2595, 255),
(2600, '子长县', 2595, 255),
(2601, '安塞县', 2595, 255),
(2602, '志丹县', 2595, 255),
(2603, '甘泉县', 2595, 255),
(2604, '富县', 2595, 255),
(2605, '洛川县', 2595, 255),
(2606, '宜川县', 2595, 255),
(2607, '黄龙县', 2595, 255),
(2608, '黄陵县', 2595, 255),
(2609, '榆林', 2504, 255),
(2610, '榆阳区', 2609, 255),
(2611, '神木县', 2609, 255),
(2612, '府谷县', 2609, 255),
(2613, '横山县', 2609, 255),
(2614, '靖边县', 2609, 255),
(2615, '定边县', 2609, 255),
(2616, '绥德县', 2609, 255),
(2617, '米脂县', 2609, 255),
(2618, '佳县', 2609, 255),
(2619, '吴堡县', 2609, 255),
(2620, '清涧县', 2609, 255),
(2621, '子洲县', 2609, 255),
(2622, '上海', 1, 255),
(2623, '上海', 2622, 255),
(2624, '长宁区', 2623, 255),
(2625, '闸北区', 2623, 255),
(2626, '闵行区', 2623, 255),
(2627, '徐汇区', 2623, 255),
(2628, '浦东新区', 2623, 255),
(2629, '杨浦区', 2623, 255),
(2630, '普陀区', 2623, 255),
(2631, '静安区', 2623, 255),
(2632, '卢湾区', 2623, 255),
(2633, '虹口区', 2623, 255),
(2634, '黄浦区', 2623, 255),
(2635, '南汇区', 2623, 255),
(2636, '松江区', 2623, 255),
(2637, '嘉定区', 2623, 255),
(2638, '宝山区', 2623, 255),
(2639, '青浦区', 2623, 255),
(2640, '金山区', 2623, 255),
(2641, '奉贤区', 2623, 255),
(2642, '崇明县', 2623, 255),
(2643, '四川', 1, 255),
(2644, '成都', 2643, 255),
(2645, '青羊区', 2644, 255),
(2646, '锦江区', 2644, 255),
(2647, '金牛区', 2644, 255),
(2648, '武侯区', 2644, 255),
(2649, '成华区', 2644, 255),
(2650, '龙泉驿区', 2644, 255),
(2651, '青白江区', 2644, 255),
(2652, '新都区', 2644, 255),
(2653, '温江区', 2644, 255),
(2654, '高新区', 2644, 255),
(2655, '高新西区', 2644, 255),
(2656, '都江堰市', 2644, 255),
(2657, '彭州市', 2644, 255),
(2658, '邛崃市', 2644, 255),
(2659, '崇州市', 2644, 255),
(2660, '金堂县', 2644, 255),
(2661, '双流县', 2644, 255),
(2662, '郫县', 2644, 255),
(2663, '大邑县', 2644, 255),
(2664, '蒲江县', 2644, 255),
(2665, '新津县', 2644, 255),
(2666, '绵阳', 2643, 255),
(2667, '涪城区', 2666, 255),
(2668, '游仙区', 2666, 255),
(2669, '江油市', 2666, 255),
(2670, '盐亭县', 2666, 255),
(2671, '三台县', 2666, 255),
(2672, '平武县', 2666, 255),
(2673, '安县', 2666, 255),
(2674, '梓潼县', 2666, 255),
(2675, '北川县', 2666, 255),
(2676, '阿坝', 2643, 255),
(2677, '马尔康县', 2676, 255),
(2678, '汶川县', 2676, 255),
(2679, '理县', 2676, 255),
(2680, '茂县', 2676, 255),
(2681, '松潘县', 2676, 255),
(2682, '九寨沟县', 2676, 255),
(2683, '金川县', 2676, 255),
(2684, '小金县', 2676, 255),
(2685, '黑水县', 2676, 255),
(2686, '壤塘县', 2676, 255),
(2687, '阿坝县', 2676, 255),
(2688, '若尔盖县', 2676, 255),
(2689, '红原县', 2676, 255),
(2690, '巴中', 2643, 255),
(2691, '巴州区', 2690, 255),
(2692, '通江县', 2690, 255),
(2693, '南江县', 2690, 255),
(2694, '平昌县', 2690, 255),
(2695, '达州', 2643, 255),
(2696, '通川区', 2695, 255),
(2697, '万源市', 2695, 255),
(2698, '达县', 2695, 255),
(2699, '宣汉县', 2695, 255),
(2700, '开江县', 2695, 255),
(2701, '大竹县', 2695, 255),
(2702, '渠县', 2695, 255),
(2703, '德阳', 2643, 255),
(2704, '旌阳区', 2703, 255),
(2705, '广汉市', 2703, 255),
(2706, '什邡市', 2703, 255),
(2707, '绵竹市', 2703, 255),
(2708, '罗江县', 2703, 255),
(2709, '中江县', 2703, 255),
(2710, '甘孜', 2643, 255),
(2711, '康定县', 2710, 255),
(2712, '丹巴县', 2710, 255),
(2713, '泸定县', 2710, 255),
(2714, '炉霍县', 2710, 255),
(2715, '九龙县', 2710, 255),
(2716, '甘孜县', 2710, 255),
(2717, '雅江县', 2710, 255),
(2718, '新龙县', 2710, 255),
(2719, '道孚县', 2710, 255),
(2720, '白玉县', 2710, 255),
(2721, '理塘县', 2710, 255),
(2722, '德格县', 2710, 255),
(2723, '乡城县', 2710, 255),
(2724, '石渠县', 2710, 255),
(2725, '稻城县', 2710, 255),
(2726, '色达县', 2710, 255),
(2727, '巴塘县', 2710, 255),
(2728, '得荣县', 2710, 255),
(2729, '广安', 2643, 255),
(2730, '广安区', 2729, 255),
(2731, '华蓥市', 2729, 255),
(2732, '岳池县', 2729, 255),
(2733, '武胜县', 2729, 255),
(2734, '邻水县', 2729, 255),
(2735, '广元', 2643, 255),
(2736, '利州区', 2735, 255),
(2737, '元坝区', 2735, 255),
(2738, '朝天区', 2735, 255),
(2739, '旺苍县', 2735, 255),
(2740, '青川县', 2735, 255),
(2741, '剑阁县', 2735, 255),
(2742, '苍溪县', 2735, 255),
(2743, '乐山', 2643, 255),
(2744, '峨眉山市', 2743, 255),
(2745, '乐山市', 2743, 255),
(2746, '犍为县', 2743, 255),
(2747, '井研县', 2743, 255),
(2748, '夹江县', 2743, 255),
(2749, '沐川县', 2743, 255),
(2750, '峨边', 2743, 255),
(2751, '马边', 2743, 255),
(2752, '凉山', 2643, 255),
(2753, '西昌市', 2752, 255),
(2754, '盐源县', 2752, 255),
(2755, '德昌县', 2752, 255),
(2756, '会理县', 2752, 255),
(2757, '会东县', 2752, 255),
(2758, '宁南县', 2752, 255),
(2759, '普格县', 2752, 255),
(2760, '布拖县', 2752, 255),
(2761, '金阳县', 2752, 255),
(2762, '昭觉县', 2752, 255),
(2763, '喜德县', 2752, 255),
(2764, '冕宁县', 2752, 255),
(2765, '越西县', 2752, 255),
(2766, '甘洛县', 2752, 255),
(2767, '美姑县', 2752, 255),
(2768, '雷波县', 2752, 255),
(2769, '木里', 2752, 255),
(2770, '眉山', 2643, 255),
(2771, '东坡区', 2770, 255),
(2772, '仁寿县', 2770, 255),
(2773, '彭山县', 2770, 255),
(2774, '洪雅县', 2770, 255),
(2775, '丹棱县', 2770, 255),
(2776, '青神县', 2770, 255),
(2777, '南充', 2643, 255),
(2778, '阆中市', 2777, 255),
(2779, '南部县', 2777, 255),
(2780, '营山县', 2777, 255),
(2781, '蓬安县', 2777, 255),
(2782, '仪陇县', 2777, 255),
(2783, '顺庆区', 2777, 255),
(2784, '高坪区', 2777, 255),
(2785, '嘉陵区', 2777, 255),
(2786, '西充县', 2777, 255),
(2787, '内江', 2643, 255),
(2788, '市中区', 2787, 255),
(2789, '东兴区', 2787, 255),
(2790, '威远县', 2787, 255),
(2791, '资中县', 2787, 255),
(2792, '隆昌县', 2787, 255),
(2793, '攀枝花', 2643, 255),
(2794, '东 区', 2793, 255),
(2795, '西 区', 2793, 255),
(2796, '仁和区', 2793, 255),
(2797, '米易县', 2793, 255),
(2798, '盐边县', 2793, 255),
(2799, '遂宁', 2643, 255),
(2800, '船山区', 2799, 255),
(2801, '安居区', 2799, 255),
(2802, '蓬溪县', 2799, 255),
(2803, '射洪县', 2799, 255),
(2804, '大英县', 2799, 255),
(2805, '雅安', 2643, 255),
(2806, '雨城区', 2805, 255),
(2807, '名山县', 2805, 255),
(2808, '荥经县', 2805, 255),
(2809, '汉源县', 2805, 255),
(2810, '石棉县', 2805, 255),
(2811, '天全县', 2805, 255),
(2812, '芦山县', 2805, 255),
(2813, '宝兴县', 2805, 255),
(2814, '宜宾', 2643, 255),
(2815, '翠屏区', 2814, 255),
(2816, '宜宾县', 2814, 255),
(2817, '南溪县', 2814, 255),
(2818, '江安县', 2814, 255),
(2819, '长宁县', 2814, 255),
(2820, '高县', 2814, 255),
(2821, '珙县', 2814, 255),
(2822, '筠连县', 2814, 255),
(2823, '兴文县', 2814, 255),
(2824, '屏山县', 2814, 255),
(2825, '资阳', 2643, 255),
(2826, '雁江区', 2825, 255),
(2827, '简阳市', 2825, 255),
(2828, '安岳县', 2825, 255),
(2829, '乐至县', 2825, 255),
(2830, '自贡', 2643, 255),
(2831, '大安区', 2830, 255),
(2832, '自流井区', 2830, 255),
(2833, '贡井区', 2830, 255),
(2834, '沿滩区', 2830, 255),
(2835, '荣县', 2830, 255),
(2836, '富顺县', 2830, 255),
(2837, '泸州', 2643, 255),
(2838, '江阳区', 2837, 255),
(2839, '纳溪区', 2837, 255),
(2840, '龙马潭区', 2837, 255),
(2841, '泸县', 2837, 255),
(2842, '合江县', 2837, 255),
(2843, '叙永县', 2837, 255),
(2844, '古蔺县', 2837, 255),
(2845, '天津', 1, 255),
(2846, '天津', 2845, 255),
(2847, '和平区', 2846, 255),
(2848, '河西区', 2846, 255),
(2849, '南开区', 2846, 255),
(2850, '河北区', 2846, 255),
(2851, '河东区', 2846, 255),
(2852, '红桥区', 2846, 255),
(2853, '东丽区', 2846, 255),
(2854, '津南区', 2846, 255),
(2855, '西青区', 2846, 255),
(2856, '北辰区', 2846, 255),
(2857, '塘沽区', 2846, 255),
(2858, '汉沽区', 2846, 255),
(2859, '大港区', 2846, 255),
(2860, '武清区', 2846, 255),
(2861, '宝坻区', 2846, 255),
(2862, '经济开发区', 2846, 255),
(2863, '宁河县', 2846, 255),
(2864, '静海县', 2846, 255),
(2865, '蓟县', 2846, 255),
(2866, '西藏', 1, 255),
(2867, '拉萨', 2866, 255),
(2868, '城关区', 2867, 255),
(2869, '林周县', 2867, 255),
(2870, '当雄县', 2867, 255),
(2871, '尼木县', 2867, 255),
(2872, '曲水县', 2867, 255),
(2873, '堆龙德庆县', 2867, 255),
(2874, '达孜县', 2867, 255),
(2875, '墨竹工卡县', 2867, 255),
(2876, '阿里', 2866, 255),
(2877, '噶尔县', 2876, 255),
(2878, '普兰县', 2876, 255),
(2879, '札达县', 2876, 255),
(2880, '日土县', 2876, 255),
(2881, '革吉县', 2876, 255),
(2882, '改则县', 2876, 255),
(2883, '措勤县', 2876, 255),
(2884, '昌都', 2866, 255),
(2885, '昌都县', 2884, 255),
(2886, '江达县', 2884, 255),
(2887, '贡觉县', 2884, 255),
(2888, '类乌齐县', 2884, 255),
(2889, '丁青县', 2884, 255),
(2890, '察雅县', 2884, 255),
(2891, '八宿县', 2884, 255),
(2892, '左贡县', 2884, 255),
(2893, '芒康县', 2884, 255),
(2894, '洛隆县', 2884, 255),
(2895, '边坝县', 2884, 255),
(2896, '林芝', 2866, 255),
(2897, '林芝县', 2896, 255),
(2898, '工布江达县', 2896, 255),
(2899, '米林县', 2896, 255),
(2900, '墨脱县', 2896, 255),
(2901, '波密县', 2896, 255),
(2902, '察隅县', 2896, 255),
(2903, '朗县', 2896, 255),
(2904, '那曲', 2866, 255),
(2905, '那曲县', 2904, 255),
(2906, '嘉黎县', 2904, 255),
(2907, '比如县', 2904, 255),
(2908, '聂荣县', 2904, 255),
(2909, '安多县', 2904, 255),
(2910, '申扎县', 2904, 255),
(2911, '索县', 2904, 255),
(2912, '班戈县', 2904, 255),
(2913, '巴青县', 2904, 255),
(2914, '尼玛县', 2904, 255),
(2915, '日喀则', 2866, 255),
(2916, '日喀则市', 2915, 255),
(2917, '南木林县', 2915, 255),
(2918, '江孜县', 2915, 255),
(2919, '定日县', 2915, 255),
(2920, '萨迦县', 2915, 255),
(2921, '拉孜县', 2915, 255),
(2922, '昂仁县', 2915, 255),
(2923, '谢通门县', 2915, 255),
(2924, '白朗县', 2915, 255),
(2925, '仁布县', 2915, 255),
(2926, '康马县', 2915, 255),
(2927, '定结县', 2915, 255),
(2928, '仲巴县', 2915, 255),
(2929, '亚东县', 2915, 255),
(2930, '吉隆县', 2915, 255),
(2931, '聂拉木县', 2915, 255),
(2932, '萨嘎县', 2915, 255),
(2933, '岗巴县', 2915, 255),
(2934, '山南', 2866, 255),
(2935, '乃东县', 2934, 255),
(2936, '扎囊县', 2934, 255),
(2937, '贡嘎县', 2934, 255),
(2938, '桑日县', 2934, 255),
(2939, '琼结县', 2934, 255),
(2940, '曲松县', 2934, 255),
(2941, '措美县', 2934, 255),
(2942, '洛扎县', 2934, 255),
(2943, '加查县', 2934, 255),
(2944, '隆子县', 2934, 255),
(2945, '错那县', 2934, 255),
(2946, '浪卡子县', 2934, 255),
(2947, '新疆', 1, 255),
(2948, '乌鲁木齐', 2947, 255),
(2949, '天山区', 2948, 255),
(2950, '沙依巴克区', 2948, 255),
(2951, '新市区', 2948, 255),
(2952, '水磨沟区', 2948, 255),
(2953, '头屯河区', 2948, 255),
(2954, '达坂城区', 2948, 255),
(2955, '米东区', 2948, 255),
(2956, '乌鲁木齐县', 2948, 255),
(2957, '阿克苏', 2947, 255),
(2958, '阿克苏市', 2957, 255),
(2959, '温宿县', 2957, 255),
(2960, '库车县', 2957, 255),
(2961, '沙雅县', 2957, 255),
(2962, '新和县', 2957, 255),
(2963, '拜城县', 2957, 255),
(2964, '乌什县', 2957, 255),
(2965, '阿瓦提县', 2957, 255),
(2966, '柯坪县', 2957, 255),
(2967, '阿拉尔', 2947, 255),
(2968, '阿拉尔市', 2967, 255),
(2969, '巴音郭楞', 2947, 255),
(2970, '库尔勒市', 2969, 255),
(2971, '轮台县', 2969, 255),
(2972, '尉犁县', 2969, 255),
(2973, '若羌县', 2969, 255),
(2974, '且末县', 2969, 255),
(2975, '焉耆', 2969, 255),
(2976, '和静县', 2969, 255),
(2977, '和硕县', 2969, 255),
(2978, '博湖县', 2969, 255),
(2979, '博尔塔拉', 2947, 255),
(2980, '博乐市', 2979, 255),
(2981, '精河县', 2979, 255),
(2982, '温泉县', 2979, 255),
(2983, '昌吉', 2947, 255),
(2984, '呼图壁县', 2983, 255),
(2985, '米泉市', 2983, 255),
(2986, '昌吉市', 2983, 255),
(2987, '阜康市', 2983, 255),
(2988, '玛纳斯县', 2983, 255),
(2989, '奇台县', 2983, 255),
(2990, '吉木萨尔县', 2983, 255),
(2991, '木垒', 2983, 255),
(2992, '哈密', 2947, 255),
(2993, '哈密市', 2992, 255),
(2994, '伊吾县', 2992, 255),
(2995, '巴里坤', 2992, 255),
(2996, '和田', 2947, 255),
(2997, '和田市', 2996, 255),
(2998, '和田县', 2996, 255),
(2999, '墨玉县', 2996, 255),
(3000, '皮山县', 2996, 255),
(3001, '洛浦县', 2996, 255),
(3002, '策勒县', 2996, 255),
(3003, '于田县', 2996, 255),
(3004, '民丰县', 2996, 255),
(3005, '喀什', 2947, 255),
(3006, '喀什市', 3005, 255),
(3007, '疏附县', 3005, 255),
(3008, '疏勒县', 3005, 255),
(3009, '英吉沙县', 3005, 255),
(3010, '泽普县', 3005, 255),
(3011, '莎车县', 3005, 255),
(3012, '叶城县', 3005, 255),
(3013, '麦盖提县', 3005, 255),
(3014, '岳普湖县', 3005, 255),
(3015, '伽师县', 3005, 255),
(3016, '巴楚县', 3005, 255),
(3017, '塔什库尔干', 3005, 255),
(3018, '克拉玛依', 2947, 255),
(3019, '克拉玛依市', 3018, 255),
(3020, '克孜勒苏', 2947, 255),
(3021, '阿图什市', 3020, 255),
(3022, '阿克陶县', 3020, 255),
(3023, '阿合奇县', 3020, 255),
(3024, '乌恰县', 3020, 255),
(3025, '石河子', 2947, 255),
(3026, '石河子市', 3025, 255),
(3027, '图木舒克', 2947, 255),
(3028, '图木舒克市', 3027, 255),
(3029, '吐鲁番', 2947, 255),
(3030, '吐鲁番市', 3029, 255),
(3031, '鄯善县', 3029, 255),
(3032, '托克逊县', 3029, 255),
(3033, '五家渠', 2947, 255),
(3034, '五家渠市', 3033, 255),
(3035, '伊犁', 2947, 255),
(3036, '阿勒泰市', 3035, 255),
(3037, '布克赛尔', 3035, 255),
(3038, '伊宁市', 3035, 255),
(3039, '布尔津县', 3035, 255),
(3040, '奎屯市', 3035, 255),
(3041, '乌苏市', 3035, 255),
(3042, '额敏县', 3035, 255),
(3043, '富蕴县', 3035, 255),
(3044, '伊宁县', 3035, 255),
(3045, '福海县', 3035, 255),
(3046, '霍城县', 3035, 255),
(3047, '沙湾县', 3035, 255),
(3048, '巩留县', 3035, 255),
(3049, '哈巴河县', 3035, 255),
(3050, '托里县', 3035, 255),
(3051, '青河县', 3035, 255),
(3052, '新源县', 3035, 255),
(3053, '裕民县', 3035, 255),
(3054, '和布克赛尔', 3035, 255),
(3055, '吉木乃县', 3035, 255),
(3056, '昭苏县', 3035, 255),
(3057, '特克斯县', 3035, 255),
(3058, '尼勒克县', 3035, 255),
(3059, '察布查尔', 3035, 255),
(3060, '云南', 1, 255),
(3061, '昆明', 3060, 255),
(3062, '盘龙区', 3061, 255),
(3063, '五华区', 3061, 255),
(3064, '官渡区', 3061, 255),
(3065, '西山区', 3061, 255),
(3066, '东川区', 3061, 255),
(3067, '安宁市', 3061, 255),
(3068, '呈贡县', 3061, 255),
(3069, '晋宁县', 3061, 255),
(3070, '富民县', 3061, 255),
(3071, '宜良县', 3061, 255),
(3072, '嵩明县', 3061, 255),
(3073, '石林县', 3061, 255),
(3074, '禄劝', 3061, 255),
(3075, '寻甸', 3061, 255),
(3076, '怒江', 3060, 255),
(3077, '兰坪', 3076, 255),
(3078, '泸水县', 3076, 255),
(3079, '福贡县', 3076, 255),
(3080, '贡山', 3076, 255),
(3081, '普洱', 3060, 255),
(3082, '宁洱', 3081, 255),
(3083, '思茅区', 3081, 255),
(3084, '墨江', 3081, 255),
(3085, '景东', 3081, 255),
(3086, '景谷', 3081, 255),
(3087, '镇沅', 3081, 255),
(3088, '江城', 3081, 255),
(3089, '孟连', 3081, 255),
(3090, '澜沧', 3081, 255),
(3091, '西盟', 3081, 255),
(3092, '丽江', 3060, 255),
(3093, '古城区', 3092, 255),
(3094, '宁蒗', 3092, 255),
(3095, '玉龙', 3092, 255),
(3096, '永胜县', 3092, 255),
(3097, '华坪县', 3092, 255),
(3098, '保山', 3060, 255),
(3099, '隆阳区', 3098, 255),
(3100, '施甸县', 3098, 255),
(3101, '腾冲县', 3098, 255),
(3102, '龙陵县', 3098, 255),
(3103, '昌宁县', 3098, 255),
(3104, '楚雄', 3060, 255),
(3105, '楚雄市', 3104, 255),
(3106, '双柏县', 3104, 255),
(3107, '牟定县', 3104, 255),
(3108, '南华县', 3104, 255),
(3109, '姚安县', 3104, 255),
(3110, '大姚县', 3104, 255),
(3111, '永仁县', 3104, 255),
(3112, '元谋县', 3104, 255),
(3113, '武定县', 3104, 255),
(3114, '禄丰县', 3104, 255),
(3115, '大理', 3060, 255),
(3116, '大理市', 3115, 255),
(3117, '祥云县', 3115, 255),
(3118, '宾川县', 3115, 255),
(3119, '弥渡县', 3115, 255),
(3120, '永平县', 3115, 255),
(3121, '云龙县', 3115, 255),
(3122, '洱源县', 3115, 255),
(3123, '剑川县', 3115, 255),
(3124, '鹤庆县', 3115, 255),
(3125, '漾濞', 3115, 255),
(3126, '南涧', 3115, 255),
(3127, '巍山', 3115, 255),
(3128, '德宏', 3060, 255),
(3129, '潞西市', 3128, 255),
(3130, '瑞丽市', 3128, 255),
(3131, '梁河县', 3128, 255),
(3132, '盈江县', 3128, 255),
(3133, '陇川县', 3128, 255),
(3134, '迪庆', 3060, 255),
(3135, '香格里拉县', 3134, 255),
(3136, '德钦县', 3134, 255),
(3137, '维西', 3134, 255),
(3138, '红河', 3060, 255),
(3139, '泸西县', 3138, 255),
(3140, '蒙自县', 3138, 255),
(3141, '个旧市', 3138, 255),
(3142, '开远市', 3138, 255),
(3143, '绿春县', 3138, 255),
(3144, '建水县', 3138, 255),
(3145, '石屏县', 3138, 255),
(3146, '弥勒县', 3138, 255),
(3147, '元阳县', 3138, 255),
(3148, '红河县', 3138, 255),
(3149, '金平', 3138, 255),
(3150, '河口', 3138, 255),
(3151, '屏边', 3138, 255),
(3152, '临沧', 3060, 255),
(3153, '临翔区', 3152, 255),
(3154, '凤庆县', 3152, 255),
(3155, '云县', 3152, 255),
(3156, '永德县', 3152, 255),
(3157, '镇康县', 3152, 255),
(3158, '双江', 3152, 255),
(3159, '耿马', 3152, 255),
(3160, '沧源', 3152, 255),
(3161, '曲靖', 3060, 255),
(3162, '麒麟区', 3161, 255),
(3163, '宣威市', 3161, 255),
(3164, '马龙县', 3161, 255),
(3165, '陆良县', 3161, 255),
(3166, '师宗县', 3161, 255),
(3167, '罗平县', 3161, 255),
(3168, '富源县', 3161, 255),
(3169, '会泽县', 3161, 255),
(3170, '沾益县', 3161, 255),
(3171, '文山', 3060, 255),
(3172, '文山县', 3171, 255),
(3173, '砚山县', 3171, 255),
(3174, '西畴县', 3171, 255),
(3175, '麻栗坡县', 3171, 255),
(3176, '马关县', 3171, 255),
(3177, '丘北县', 3171, 255),
(3178, '广南县', 3171, 255),
(3179, '富宁县', 3171, 255),
(3180, '西双版纳', 3060, 255),
(3181, '景洪市', 3180, 255),
(3182, '勐海县', 3180, 255),
(3183, '勐腊县', 3180, 255),
(3184, '玉溪', 3060, 255),
(3185, '红塔区', 3184, 255),
(3186, '江川县', 3184, 255),
(3187, '澄江县', 3184, 255),
(3188, '通海县', 3184, 255),
(3189, '华宁县', 3184, 255),
(3190, '易门县', 3184, 255),
(3191, '峨山', 3184, 255),
(3192, '新平', 3184, 255),
(3193, '元江', 3184, 255),
(3194, '昭通', 3060, 255),
(3195, '昭阳区', 3194, 255),
(3196, '鲁甸县', 3194, 255),
(3197, '巧家县', 3194, 255),
(3198, '盐津县', 3194, 255),
(3199, '大关县', 3194, 255),
(3200, '永善县', 3194, 255),
(3201, '绥江县', 3194, 255),
(3202, '镇雄县', 3194, 255),
(3203, '彝良县', 3194, 255),
(3204, '威信县', 3194, 255),
(3205, '水富县', 3194, 255),
(3206, '浙江', 1, 255),
(3207, '杭州', 3206, 255),
(3208, '西湖区', 3207, 255),
(3209, '上城区', 3207, 255),
(3210, '下城区', 3207, 255),
(3211, '拱墅区', 3207, 255),
(3212, '滨江区', 3207, 255),
(3213, '江干区', 3207, 255),
(3214, '萧山区', 3207, 255),
(3215, '余杭区', 3207, 255),
(3216, '市郊', 3207, 255),
(3217, '建德市', 3207, 255),
(3218, '富阳市', 3207, 255),
(3219, '临安市', 3207, 255),
(3220, '桐庐县', 3207, 255),
(3221, '淳安县', 3207, 255),
(3222, '湖州', 3206, 255),
(3223, '吴兴区', 3222, 255),
(3224, '南浔区', 3222, 255),
(3225, '德清县', 3222, 255),
(3226, '长兴县', 3222, 255),
(3227, '安吉县', 3222, 255),
(3228, '嘉兴', 3206, 255),
(3229, '南湖区', 3228, 255),
(3230, '秀洲区', 3228, 255),
(3231, '海宁市', 3228, 255),
(3232, '嘉善县', 3228, 255),
(3233, '平湖市', 3228, 255),
(3234, '桐乡市', 3228, 255),
(3235, '海盐县', 3228, 255),
(3236, '金华', 3206, 255),
(3237, '婺城区', 3236, 255),
(3238, '金东区', 3236, 255),
(3239, '兰溪市', 3236, 255),
(3240, '市区', 3236, 255),
(3241, '佛堂镇', 3236, 255),
(3242, '上溪镇', 3236, 255),
(3243, '义亭镇', 3236, 255),
(3244, '大陈镇', 3236, 255),
(3245, '苏溪镇', 3236, 255),
(3246, '赤岸镇', 3236, 255),
(3247, '东阳市', 3236, 255),
(3248, '永康市', 3236, 255),
(3249, '武义县', 3236, 255),
(3250, '浦江县', 3236, 255),
(3251, '磐安县', 3236, 255),
(3252, '丽水', 3206, 255),
(3253, '莲都区', 3252, 255),
(3254, '龙泉市', 3252, 255),
(3255, '青田县', 3252, 255),
(3256, '缙云县', 3252, 255),
(3257, '遂昌县', 3252, 255),
(3258, '松阳县', 3252, 255),
(3259, '云和县', 3252, 255),
(3260, '庆元县', 3252, 255),
(3261, '景宁', 3252, 255),
(3262, '宁波', 3206, 255),
(3263, '海曙区', 3262, 255),
(3264, '江东区', 3262, 255),
(3265, '江北区', 3262, 255),
(3266, '镇海区', 3262, 255),
(3267, '北仑区', 3262, 255),
(3268, '鄞州区', 3262, 255),
(3269, '余姚市', 3262, 255),
(3270, '慈溪市', 3262, 255),
(3271, '奉化市', 3262, 255),
(3272, '象山县', 3262, 255),
(3273, '宁海县', 3262, 255),
(3274, '绍兴', 3206, 255),
(3275, '越城区', 3274, 255),
(3276, '上虞市', 3274, 255),
(3277, '嵊州市', 3274, 255),
(3278, '绍兴县', 3274, 255),
(3279, '新昌县', 3274, 255),
(3280, '诸暨市', 3274, 255),
(3281, '台州', 3206, 255),
(3282, '椒江区', 3281, 255),
(3283, '黄岩区', 3281, 255),
(3284, '路桥区', 3281, 255),
(3285, '温岭市', 3281, 255),
(3286, '临海市', 3281, 255),
(3287, '玉环县', 3281, 255),
(3288, '三门县', 3281, 255),
(3289, '天台县', 3281, 255),
(3290, '仙居县', 3281, 255),
(3291, '温州', 3206, 255),
(3292, '鹿城区', 3291, 255),
(3293, '龙湾区', 3291, 255),
(3294, '瓯海区', 3291, 255),
(3295, '瑞安市', 3291, 255),
(3296, '乐清市', 3291, 255),
(3297, '洞头县', 3291, 255),
(3298, '永嘉县', 3291, 255),
(3299, '平阳县', 3291, 255),
(3300, '苍南县', 3291, 255),
(3301, '文成县', 3291, 255),
(3302, '泰顺县', 3291, 255),
(3303, '舟山', 3206, 255),
(3304, '定海区', 3303, 255),
(3305, '普陀区', 3303, 255),
(3306, '岱山县', 3303, 255),
(3307, '嵊泗县', 3303, 255),
(3308, '衢州', 3206, 255),
(3309, '衢州市', 3308, 255),
(3310, '江山市', 3308, 255),
(3311, '常山县', 3308, 255),
(3312, '开化县', 3308, 255),
(3313, '龙游县', 3308, 255),
(3314, '重庆', 1, 255),
(3315, '重庆', 3314, 255),
(3316, '合川区', 3315, 255),
(3317, '江津区', 3315, 255),
(3318, '南川区', 3315, 255),
(3319, '永川区', 3315, 255),
(3320, '南岸区', 3315, 255),
(3321, '渝北区', 3315, 255),
(3322, '万盛区', 3315, 255),
(3323, '大渡口区', 3315, 255),
(3324, '万州区', 3315, 255),
(3325, '北碚区', 3315, 255),
(3326, '沙坪坝区', 3315, 255),
(3327, '巴南区', 3315, 255),
(3328, '涪陵区', 3315, 255),
(3329, '江北区', 3315, 255),
(3330, '九龙坡区', 3315, 255),
(3331, '渝中区', 3315, 255),
(3332, '黔江开发区', 3315, 255),
(3333, '长寿区', 3315, 255),
(3334, '双桥区', 3315, 255),
(3335, '綦江县', 3315, 255),
(3336, '潼南县', 3315, 255),
(3337, '铜梁县', 3315, 255),
(3338, '大足县', 3315, 255),
(3339, '荣昌县', 3315, 255),
(3340, '璧山县', 3315, 255),
(3341, '垫江县', 3315, 255),
(3342, '武隆县', 3315, 255),
(3343, '丰都县', 3315, 255),
(3344, '城口县', 3315, 255),
(3345, '梁平县', 3315, 255),
(3346, '开县', 3315, 255),
(3347, '巫溪县', 3315, 255),
(3348, '巫山县', 3315, 255),
(3349, '奉节县', 3315, 255),
(3350, '云阳县', 3315, 255),
(3351, '忠县', 3315, 255),
(3352, '石柱', 3315, 255),
(3353, '彭水', 3315, 255),
(3354, '酉阳', 3315, 255),
(3355, '秀山', 3315, 255),
(3356, '香港', 1, 255),
(3357, '香港', 3356, 255),
(3358, '沙田区', 3357, 255),
(3359, '东区', 3357, 255),
(3360, '观塘区', 3357, 255),
(3361, '黄大仙区', 3357, 255),
(3362, '九龙城区', 3357, 255),
(3363, '屯门区', 3357, 255),
(3364, '葵青区', 3357, 255),
(3365, '元朗区', 3357, 255),
(3366, '深水埗区', 3357, 255),
(3367, '西贡区', 3357, 255),
(3368, '大埔区', 3357, 255),
(3369, '湾仔区', 3357, 255),
(3370, '油尖旺区', 3357, 255),
(3371, '北区', 3357, 255),
(3372, '南区', 3357, 255),
(3373, '荃湾区', 3357, 255),
(3374, '中西区', 3357, 255),
(3375, '离岛区', 3357, 255),
(3376, '澳门', 1, 255),
(3377, '澳门', 3376, 255),
(3378, '澳门', 3377, 255),
(3379, '台湾', 1, 255),
(3380, '台湾', 3379, 255),
(3381, '台北', 3380, 255),
(3382, '高雄', 3380, 255),
(3383, '基隆', 3380, 255),
(3384, '台中', 3380, 255),
(3385, '台南', 3380, 255),
(3386, '新竹', 3380, 255),
(3387, '嘉义', 3380, 255),
(3388, '宜兰县', 3380, 255),
(3389, '桃园县', 3380, 255),
(3390, '苗栗县', 3380, 255),
(3391, '彰化县', 3380, 255),
(3392, '南投县', 3380, 255),
(3393, '云林县', 3380, 255),
(3394, '屏东县', 3380, 255),
(3395, '台东县', 3380, 255),
(3396, '花莲县', 3380, 255),
(3397, '澎湖县', 3380, 255);

-- --------------------------------------------------------

--
-- 表的结构 `ecm_scategory`
--

CREATE TABLE IF NOT EXISTS `ecm_scategory` (
  `cate_id` int(10) unsigned NOT NULL AUTO_INCREMENT,
  `cate_name` varchar(100) NOT NULL DEFAULT '',
  `parent_id` int(10) unsigned NOT NULL DEFAULT '0',
  `sort_order` tinyint(3) unsigned NOT NULL DEFAULT '255',
  PRIMARY KEY (`cate_id`),
  KEY `parent_id` (`parent_id`)
) ENGINE=MyISAM DEFAULT CHARSET=utf8 AUTO_INCREMENT=1 ;

-- --------------------------------------------------------

--
-- 表的结构 `ecm_sessions`
--

CREATE TABLE IF NOT EXISTS `ecm_sessions` (
  `sesskey` char(32) NOT NULL DEFAULT '',
  `expiry` int(11) NOT NULL DEFAULT '0',
  `userid` int(11) NOT NULL DEFAULT '0',
  `adminid` int(11) NOT NULL DEFAULT '0',
  `ip` char(15) NOT NULL DEFAULT '',
  `data` char(255) NOT NULL DEFAULT '',
  `is_overflow` tinyint(4) NOT NULL DEFAULT '0',
  PRIMARY KEY (`sesskey`),
  KEY `expiry` (`expiry`)
) ENGINE=MyISAM DEFAULT CHARSET=utf8;

--
-- 转存表中的数据 `ecm_sessions`
--

INSERT INTO `ecm_sessions` (`sesskey`, `expiry`, `userid`, `adminid`, `ip`, `data`, `is_overflow`) VALUES
('7b28bf8c16abc53238f99162a08e2918', 1415022456, 0, 0, '125.78.127.89', 'admin_info|a:5:{s:7:"user_id";s:1:"1";s:9:"user_name";s:5:"admin";s:8:"reg_time";s:10:"1415020860";s:10:"last_login";N;s:7:"last_ip";N;}', 0),
('96ee43b970a81939529e831684671e88', 1415022712, 0, 0, '125.78.127.89', 'user_info|a:6:{s:7:"user_id";s:1:"2";s:9:"user_name";s:6:"seller";s:8:"reg_time";s:10:"1388031020";s:10:"last_login";s:10:"1403695153";s:7:"last_ip";s:13:"125.78.126.83";s:8:"store_id";s:1:"2";}', 0),
('1e28d2feca56c8a2c2954c891a94e971', 1415022786, 0, 0, '125.78.127.89', 'admin_info|a:5:{s:7:"user_id";s:1:"1";s:9:"user_name";s:5:"admin";s:8:"reg_time";s:10:"1388016632";s:10:"last_login";s:10:"1403739215";s:7:"last_ip";s:9:"127.0.0.1";}', 0),
('ca23759ba1c6140ad2a867b1b41d4d8c', 1415022923, 0, 0, '125.78.127.89', '', 0);

-- --------------------------------------------------------

--
-- 表的结构 `ecm_sessions_data`
--

CREATE TABLE IF NOT EXISTS `ecm_sessions_data` (
  `sesskey` varchar(32) NOT NULL DEFAULT '',
  `expiry` int(11) NOT NULL DEFAULT '0',
  `data` longtext NOT NULL,
  PRIMARY KEY (`sesskey`),
  KEY `expiry` (`expiry`)
) ENGINE=MyISAM DEFAULT CHARSET=utf8;

-- --------------------------------------------------------

--
-- 表的结构 `ecm_sgrade`
--

CREATE TABLE IF NOT EXISTS `ecm_sgrade` (
  `grade_id` tinyint(3) unsigned NOT NULL AUTO_INCREMENT,
  `grade_name` varchar(60) NOT NULL DEFAULT '',
  `goods_limit` int(10) unsigned NOT NULL DEFAULT '0',
  `space_limit` int(10) unsigned NOT NULL DEFAULT '0',
  `skin_limit` int(10) unsigned NOT NULL DEFAULT '0',
  `charge` varchar(100) NOT NULL DEFAULT '',
  `need_confirm` tinyint(3) unsigned NOT NULL DEFAULT '0',
  `description` varchar(255) NOT NULL DEFAULT '',
  `functions` varchar(255) DEFAULT NULL,
  `skins` text NOT NULL,
  `sort_order` tinyint(4) unsigned NOT NULL DEFAULT '0',
  `wapskin_limit` int(10) unsigned NOT NULL DEFAULT '0',
  `wapskins` text NOT NULL,
  PRIMARY KEY (`grade_id`)
) ENGINE=MyISAM  DEFAULT CHARSET=utf8 AUTO_INCREMENT=3 ;

--
-- 转存表中的数据 `ecm_sgrade`
--

INSERT INTO `ecm_sgrade` (`grade_id`, `grade_name`, `goods_limit`, `space_limit`, `skin_limit`, `charge`, `need_confirm`, `description`, `functions`, `skins`, `sort_order`, `wapskin_limit`, `wapskins`) VALUES
(1, '系统默认', 0, 0, 10, '100元/年', 0, '测试用户请选择“默认等级”，可以立即开通。', 'editor_multimedia,coupon,groupbuy,enable_radar', 'default|default,default|style1,default|style2,default|style3,default|style4,default|style5,default|style6,default|style7,default|style8,moolau|default', 255, 24, 'default|default,default10|default,default11|default,default12|default,default13|default,default14|default,default15|default,default16|default,default17|default,default18|default,default19|default,default2|default,default20|default,default21|default,default22|default,default23|default,default24|default,default3|default,default4|default,default5|default,default6|default,default7|default,default8|default,default9|default'),
(2, '旗舰店', 0, 0, 10, '', 1, '', 'editor_multimedia,coupon,groupbuy,enable_radar', 'default|default,default|style1,default|style2,default|style3,default|style4,default|style5,default|style6,default|style7,default|style8,moolau|default', 255, 24, 'default|default,default10|default,default11|default,default12|default,default13|default,default14|default,default15|default,default16|default,default17|default,default18|default,default19|default,default2|default,default20|default,default21|default,default22|default,default23|default,default24|default,default3|default,default4|default,default5|default,default6|default,default7|default,default8|default,default9|default');

-- --------------------------------------------------------

--
-- 表的结构 `ecm_shipping`
--

CREATE TABLE IF NOT EXISTS `ecm_shipping` (
  `shipping_id` int(10) unsigned NOT NULL AUTO_INCREMENT,
  `store_id` int(10) unsigned NOT NULL DEFAULT '0',
  `shipping_name` varchar(100) NOT NULL DEFAULT '',
  `shipping_desc` varchar(255) DEFAULT NULL,
  `first_price` decimal(10,2) NOT NULL DEFAULT '0.00',
  `step_price` decimal(10,2) NOT NULL DEFAULT '0.00',
  `cod_regions` text,
  `enabled` tinyint(3) unsigned NOT NULL DEFAULT '1',
  `sort_order` tinyint(3) unsigned NOT NULL DEFAULT '255',
  PRIMARY KEY (`shipping_id`),
  KEY `store_id` (`store_id`)
) ENGINE=MyISAM  DEFAULT CHARSET=utf8 AUTO_INCREMENT=2 ;

--
-- 转存表中的数据 `ecm_shipping`
--

INSERT INTO `ecm_shipping` (`shipping_id`, `store_id`, `shipping_name`, `shipping_desc`, `first_price`, `step_price`, `cod_regions`, `enabled`, `sort_order`) VALUES
(1, 2, '包邮', '', '0.00', '0.00', 'a:1:{i:1;s:6:"中国";}', 1, 255);

-- --------------------------------------------------------

--
-- 表的结构 `ecm_store`
--

CREATE TABLE IF NOT EXISTS `ecm_store` (
  `store_id` int(10) unsigned NOT NULL DEFAULT '0',
  `store_name` varchar(100) NOT NULL DEFAULT '',
  `owner_name` varchar(60) NOT NULL DEFAULT '',
  `owner_card` varchar(60) NOT NULL DEFAULT '',
  `region_id` int(10) unsigned DEFAULT NULL,
  `region_name` varchar(100) DEFAULT NULL,
  `address` varchar(255) NOT NULL DEFAULT '',
  `zipcode` varchar(20) NOT NULL DEFAULT '',
  `tel` varchar(60) NOT NULL DEFAULT '',
  `sgrade` tinyint(3) unsigned NOT NULL DEFAULT '0',
  `apply_remark` varchar(255) NOT NULL DEFAULT '',
  `credit_value` int(10) NOT NULL DEFAULT '0',
  `praise_rate` decimal(5,2) unsigned NOT NULL DEFAULT '0.00',
  `domain` varchar(60) DEFAULT NULL,
  `state` tinyint(3) unsigned NOT NULL DEFAULT '0',
  `close_reason` varchar(255) NOT NULL DEFAULT '',
  `add_time` int(10) unsigned DEFAULT NULL,
  `end_time` int(10) unsigned NOT NULL DEFAULT '0',
  `certification` varchar(255) DEFAULT NULL,
  `sort_order` smallint(5) unsigned NOT NULL DEFAULT '0',
  `recommended` tinyint(4) NOT NULL DEFAULT '0',
  `theme` varchar(60) NOT NULL DEFAULT '',
  `store_banner` varchar(255) DEFAULT NULL,
  `store_logo` varchar(255) DEFAULT NULL,
  `description` text,
  `image_1` varchar(255) NOT NULL DEFAULT '',
  `image_2` varchar(255) NOT NULL DEFAULT '',
  `image_3` varchar(255) NOT NULL DEFAULT '',
  `im_qq` varchar(60) NOT NULL DEFAULT '',
  `im_ww` varchar(60) NOT NULL DEFAULT '',
  `im_msn` varchar(60) NOT NULL DEFAULT '',
  `hot_search` varchar(255) NOT NULL,
  `business_scope` varchar(50) NOT NULL,
  `online_service` varchar(255) NOT NULL,
  `hotline` varchar(255) NOT NULL,
  `pic_slides` text NOT NULL,
  `pic_slides_wap` text NOT NULL,
  `enable_groupbuy` tinyint(1) unsigned NOT NULL DEFAULT '0',
  `enable_radar` tinyint(1) unsigned NOT NULL DEFAULT '1',
  `waptheme` varchar(60) NOT NULL DEFAULT '',
  PRIMARY KEY (`store_id`),
  KEY `store_name` (`store_name`),
  KEY `owner_name` (`owner_name`),
  KEY `region_id` (`region_id`),
  KEY `domain` (`domain`)
) ENGINE=MyISAM DEFAULT CHARSET=utf8;

--
-- 转存表中的数据 `ecm_store`
--

INSERT INTO `ecm_store` (`store_id`, `store_name`, `owner_name`, `owner_card`, `region_id`, `region_name`, `address`, `zipcode`, `tel`, `sgrade`, `apply_remark`, `credit_value`, `praise_rate`, `domain`, `state`, `close_reason`, `add_time`, `end_time`, `certification`, `sort_order`, `recommended`, `theme`, `store_banner`, `store_logo`, `description`, `image_1`, `image_2`, `image_3`, `im_qq`, `im_ww`, `im_msn`, `hot_search`, `business_scope`, `online_service`, `hotline`, `pic_slides`, `pic_slides_wap`, `enable_groupbuy`, `enable_radar`, `waptheme`) VALUES
(2, '超级店铺', '超级店家', '', 0, '', '', '', '88888888', 2, '', 0, '0.00', '', 1, '', 1388031275, 0, '', 65535, 0, 'moolau|default', NULL, NULL, '', '', '', '', '361818525', 'fyhyifei', '', '', '', '', '', '', '{"1":{"url":"data/files/store_2/pic_slides_wap/pic_slides_wap_1.jpg","link":"#"},"2":{"url":"data/files/store_2/pic_slides_wap/pic_slides_wap_2.jpg","link":"#"},"3":{"url":"data/files/store_2/pic_slides_wap/pic_slides_wap_3.jpg","link":"#"}}', 0, 1, 'default3|default');

-- --------------------------------------------------------

--
-- 表的结构 `ecm_ultimate_store`
--

CREATE TABLE IF NOT EXISTS `ecm_ultimate_store` (
  `ultimate_id` int(255) NOT NULL AUTO_INCREMENT,
  `brand_id` int(50) NOT NULL,
  `keyword` varchar(20) NOT NULL,
  `cate_id` int(50) NOT NULL,
  `store_id` int(50) NOT NULL,
  `status` tinyint(1) NOT NULL DEFAULT '0',
  `description` varchar(255) DEFAULT NULL,
  PRIMARY KEY (`ultimate_id`)
) ENGINE=MyISAM DEFAULT CHARSET=utf8 AUTO_INCREMENT=1 ;

-- --------------------------------------------------------

--
-- 表的结构 `ecm_uploaded_file`
--

CREATE TABLE IF NOT EXISTS `ecm_uploaded_file` (
  `file_id` int(10) unsigned NOT NULL AUTO_INCREMENT,
  `store_id` int(10) unsigned NOT NULL DEFAULT '0',
  `file_type` varchar(60) NOT NULL DEFAULT '',
  `file_size` int(10) unsigned NOT NULL DEFAULT '0',
  `file_name` varchar(255) NOT NULL DEFAULT '',
  `file_path` varchar(255) NOT NULL DEFAULT '',
  `add_time` int(10) unsigned NOT NULL DEFAULT '0',
  `belong` tinyint(3) unsigned NOT NULL DEFAULT '0',
  `item_id` int(10) unsigned NOT NULL DEFAULT '0',
  PRIMARY KEY (`file_id`),
  KEY `store_id` (`store_id`)
) ENGINE=MyISAM  DEFAULT CHARSET=utf8 AUTO_INCREMENT=108 ;

--
-- 转存表中的数据 `ecm_uploaded_file`
--

INSERT INTO `ecm_uploaded_file` (`file_id`, `store_id`, `file_type`, `file_size`, `file_name`, `file_path`, `add_time`, `belong`, `item_id`) VALUES
(1, 2, 'image/jpeg', 24997, '11.jpg', 'data/files/store_2/goods_110/201312262048304586.jpg', 1388033310, 2, 1),
(2, 2, 'image/jpeg', 20215, '1.jpg', 'data/files/store_2/goods_198/201312262049586818.jpg', 1388033398, 2, 2),
(3, 2, 'image/jpeg', 10477, '2.jpg', 'data/files/store_2/goods_148/201312262052284448.jpg', 1388033548, 2, 3),
(4, 2, 'image/jpeg', 30595, '17.jpg', 'data/files/store_2/goods_57/201312262054174988.jpg', 1388033657, 2, 4),
(5, 2, 'image/jpeg', 26733, '4.jpg', 'data/files/store_2/goods_99/201312262054594117.jpg', 1388033699, 2, 5),
(6, 2, 'image/jpeg', 23051, '5.jpg', 'data/files/store_2/goods_136/201312262055366831.jpg', 1388033736, 2, 6),
(7, 2, 'image/jpeg', 19535, '6.jpg', 'data/files/store_2/goods_180/201312262056209107.jpg', 1388033780, 2, 7),
(8, 2, 'image/jpeg', 23943, '18.jpg', 'data/files/store_2/goods_63/201312262057435880.jpg', 1388033863, 2, 8),
(9, 2, 'image/jpeg', 28884, '19.jpg', 'data/files/store_2/goods_120/201312262058402887.jpg', 1388033920, 2, 9),
(10, 2, 'image/jpeg', 27780, '20.jpg', 'data/files/store_2/goods_31/201312262100319871.jpg', 1388034031, 2, 10),
(11, 2, 'image/jpeg', 23463, '21.jpg', 'data/files/store_2/goods_75/201312262101158858.jpg', 1388034075, 2, 11),
(12, 2, 'image/jpeg', 34652, '22.jpg', 'data/files/store_2/goods_144/201312262102246687.jpg', 1388034144, 2, 12),
(13, 2, 'image/jpeg', 36655, '23.jpg', 'data/files/store_2/goods_2/201312262103227833.jpg', 1388034202, 2, 13),
(14, 2, 'image/jpeg', 45682, '24.jpg', 'data/files/store_2/goods_77/201312262104371080.jpg', 1388034277, 2, 14),
(15, 2, 'image/jpeg', 22513, '25.jpg', 'data/files/store_2/goods_153/201312262105539118.jpg', 1388034353, 2, 15),
(16, 2, 'image/jpeg', 7528, '11.jpg', 'data/files/store_2/goods_69/201312262107499378.jpg', 1388034469, 2, 16),
(17, 2, 'image/jpeg', 8244, '7.jpg', 'data/files/store_2/goods_129/201312262108507192.jpg', 1388034530, 2, 17),
(18, 2, 'image/jpeg', 8244, '12.jpg', 'data/files/store_2/goods_130/201312262108508363.jpg', 1388034530, 2, 17),
(19, 2, 'image/jpeg', 3882, '1.jpg', 'data/files/store_2/goods_166/201312262109269656.jpg', 1388034566, 2, 18),
(20, 2, 'image/jpeg', 5181, '13.jpg', 'data/files/store_2/goods_28/201312262110282113.jpg', 1388034628, 2, 19),
(21, 2, 'image/jpeg', 5409, '10.jpg', 'data/files/store_2/goods_51/201312262110515808.jpg', 1388034651, 2, 20),
(22, 2, 'image/jpeg', 12915, '4.jpg', 'data/files/store_2/goods_124/201312262112041198.jpg', 1388034724, 2, 21),
(23, 2, 'image/jpeg', 3722, '14.jpg', 'data/files/store_2/goods_6/201312262113269791.jpg', 1388034806, 2, 22),
(24, 2, 'image/jpeg', 4298, '15.jpg', 'data/files/store_2/goods_71/201312262114315846.jpg', 1388034871, 2, 23),
(25, 2, 'image/jpeg', 4214, '16.jpg', 'data/files/store_2/goods_141/201312262115417011.jpg', 1388034941, 2, 24),
(26, 2, 'image/jpeg', 3175, '17.jpg', 'data/files/store_2/goods_3/201312262116433996.jpg', 1388035003, 2, 25),
(27, 2, 'image/jpeg', 3183, '18.jpg', 'data/files/store_2/goods_86/201312262118061068.jpg', 1388035086, 2, 26),
(28, 2, 'image/jpeg', 3738, '20.jpg', 'data/files/store_2/goods_160/201312262119204138.jpg', 1388035160, 2, 27),
(29, 2, 'image/jpeg', 22614, '1.jpg', 'data/files/store_2/goods_92/201312262134527551.jpg', 1388036092, 2, 28),
(30, 2, 'image/jpeg', 4651, '2.jpg', 'data/files/store_2/goods_192/201312262136326387.jpg', 1388036192, 2, 29),
(31, 2, 'image/jpeg', 5193, '3.jpg', 'data/files/store_2/goods_111/201312262138315559.jpg', 1388036311, 2, 30),
(32, 2, 'image/jpeg', 7813, '4.jpg', 'data/files/store_2/goods_189/201312262139497936.jpg', 1388036389, 2, 31),
(33, 2, 'image/jpeg', 7482, '5.jpg', 'data/files/store_2/goods_62/201312262141025440.jpg', 1388036462, 2, 32),
(34, 2, 'image/jpeg', 8243, '6.jpg', 'data/files/store_2/goods_125/201312262142056946.jpg', 1388036525, 2, 33),
(35, 2, 'image/jpeg', 3963, '7.jpg', 'data/files/store_2/goods_185/201312262143054186.jpg', 1388036585, 2, 34),
(36, 2, 'image/jpeg', 5256, '8.jpg', 'data/files/store_2/goods_42/201312262144021189.jpg', 1388036642, 2, 35),
(37, 2, 'image/jpeg', 6068, '9.jpg', 'data/files/store_2/goods_113/201312262145134866.jpg', 1388036713, 2, 36),
(38, 2, 'image/jpeg', 8551, '10.jpg', 'data/files/store_2/goods_7/201312262146474624.jpg', 1388036807, 2, 37),
(39, 2, 'image/jpeg', 7321, '11.jpg', 'data/files/store_2/goods_80/201312262148001815.jpg', 1388036880, 2, 38),
(40, 2, 'image/jpeg', 7458, '12.jpg', 'data/files/store_2/goods_139/201312262148598688.jpg', 1388036939, 2, 39),
(41, 2, 'image/jpeg', 6194, '1.jpg', 'data/files/store_2/goods_95/201312262151359791.jpg', 1388037095, 2, 40),
(42, 2, 'image/jpeg', 6490, '2.jpg', 'data/files/store_2/goods_130/201312262152104798.jpg', 1388037130, 2, 41),
(43, 2, 'image/jpeg', 5413, '10.jpg', 'data/files/store_2/goods_47/201312262154079508.jpg', 1388037247, 2, 42),
(44, 2, 'image/jpeg', 3838, '9.jpg', 'data/files/store_2/goods_93/201312262154537504.jpg', 1388037293, 2, 43),
(45, 2, 'image/jpeg', 6404, '8.jpg', 'data/files/store_2/goods_144/201312262155447040.jpg', 1388037344, 2, 44),
(46, 2, 'image/jpeg', 4834, '7.jpg', 'data/files/store_2/goods_178/201312262156186146.jpg', 1388037378, 2, 45),
(47, 2, 'image/jpeg', 3554, '6.jpg', 'data/files/store_2/goods_11/201312262156516537.jpg', 1388037411, 2, 46),
(48, 2, 'image/jpeg', 4718, '5.jpg', 'data/files/store_2/goods_76/201312262157569987.jpg', 1388037476, 2, 47),
(49, 2, 'image/jpeg', 7169, '4.jpg', 'data/files/store_2/goods_111/201312262158319438.jpg', 1388037511, 2, 48),
(50, 2, 'image/jpeg', 7562, '3.jpg', 'data/files/store_2/goods_162/201312262159227323.jpg', 1388037562, 2, 49),
(51, 2, 'image/jpeg', 3459, '1.jpg', 'data/files/store_2/goods_127/201312262205276887.jpg', 1388037927, 2, 50),
(52, 2, 'image/jpeg', 4313, '2.jpg', 'data/files/store_2/goods_173/201312262206139520.jpg', 1388037973, 2, 51),
(53, 2, 'image/jpeg', 5663, '10.jpg', 'data/files/store_2/goods_72/201312262207528762.jpg', 1388038072, 2, 52),
(54, 2, 'image/jpeg', 3133, '8.jpg', 'data/files/store_2/goods_102/201312262208227300.jpg', 1388038102, 2, 53),
(55, 2, 'image/jpeg', 4162, '7.jpg', 'data/files/store_2/goods_135/201312262208557042.jpg', 1388038135, 2, 54),
(56, 2, 'image/jpeg', 4026, '6.jpg', 'data/files/store_2/goods_176/201312262209361435.jpg', 1388038176, 2, 55),
(57, 2, 'image/jpeg', 3616, '5.jpg', 'data/files/store_2/goods_16/201312262210162177.jpg', 1388038216, 2, 56),
(58, 2, 'image/jpeg', 3215, '4.jpg', 'data/files/store_2/goods_57/201312262210575290.jpg', 1388038257, 2, 57),
(59, 2, 'image/jpeg', 4460, '3.jpg', 'data/files/store_2/goods_106/201312262211467126.jpg', 1388038306, 2, 58),
(60, 2, 'image/jpeg', 4313, '2.jpg', 'data/files/store_2/goods_152/201312262212327144.jpg', 1388038352, 2, 59),
(61, 2, 'image/jpeg', 2805, '13.jpg', 'data/files/store_2/goods_90/201312262218109004.jpg', 1388038690, 2, 60),
(62, 2, 'image/jpeg', 3275, '12.jpg', 'data/files/store_2/goods_114/201312262218342575.jpg', 1388038714, 2, 61),
(63, 2, 'image/jpeg', 3669, '11.jpg', 'data/files/store_2/goods_153/201312262219138421.jpg', 1388038753, 2, 62),
(64, 2, 'image/jpeg', 4071, '10.jpg', 'data/files/store_2/goods_6/201312262220067431.jpg', 1388038806, 2, 63),
(65, 2, 'image/jpeg', 5055, '9.jpg', 'data/files/store_2/goods_41/201312262220415407.jpg', 1388038841, 2, 64),
(66, 2, 'image/jpeg', 5600, '8.jpg', 'data/files/store_2/goods_143/201312262222237668.jpg', 1388038943, 2, 65),
(67, 2, 'image/jpeg', 6940, '7.jpg', 'data/files/store_2/goods_186/201312262223061143.jpg', 1388038986, 2, 66),
(68, 2, 'image/jpeg', 2975, '4.jpg', 'data/files/store_2/goods_26/201312262223464846.jpg', 1388039026, 2, 67),
(70, 2, 'image/jpeg', 7663, '2.jpg', 'data/files/store_2/goods_91/201312262224518849.jpg', 1388039091, 2, 68),
(71, 2, 'image/jpeg', 20600, '1.jpg', 'data/files/store_2/goods_131/201312262225311490.jpg', 1388039131, 2, 69),
(72, 2, 'image/jpeg', 5494, '14.jpg', 'data/files/store_2/goods_195/201312262233156335.jpg', 1388039595, 2, 70),
(73, 2, 'image/jpeg', 4568, '13.jpg', 'data/files/store_2/goods_44/201312262234045839.jpg', 1388039644, 2, 71),
(74, 2, 'image/jpeg', 4815, '15.jpg', 'data/files/store_2/goods_113/201312262235137180.jpg', 1388039713, 2, 72),
(75, 2, 'image/jpeg', 7724, '12.jpg', 'data/files/store_2/goods_142/201312262235429182.jpg', 1388039742, 2, 73),
(76, 2, 'image/jpeg', 5780, '11.jpg', 'data/files/store_2/goods_189/201312262236298305.jpg', 1388039789, 2, 74),
(77, 2, 'image/jpeg', 4531, '10.jpg', 'data/files/store_2/goods_38/201312262237189780.jpg', 1388039838, 2, 75),
(78, 2, 'image/jpeg', 5618, '9.jpg', 'data/files/store_2/goods_98/201312262238182827.jpg', 1388039898, 2, 76),
(79, 2, 'image/jpeg', 5837, '8.jpg', 'data/files/store_2/goods_179/201312262239393163.jpg', 1388039979, 2, 77),
(80, 2, 'image/jpeg', 6297, '7.jpg', 'data/files/store_2/goods_54/201312262240547284.jpg', 1388040054, 2, 78),
(81, 2, 'image/jpeg', 8033, '5.jpg', 'data/files/store_2/goods_97/201312262241379970.jpg', 1388040097, 2, 79),
(82, 2, 'image/jpeg', 18566, '3.jpg', 'data/files/store_2/goods_156/201312262242365477.jpg', 1388040156, 2, 80),
(83, 2, 'image/jpeg', 4161, '1.jpg', 'data/files/store_2/goods_111/201312262251512164.jpg', 1388040711, 2, 81),
(84, 2, 'image/jpeg', 3634, '2.jpg', 'data/files/store_2/goods_9/201312262253293800.jpg', 1388040809, 2, 82),
(85, 2, 'image/jpeg', 4660, '3.jpg', 'data/files/store_2/goods_80/201312262254404774.jpg', 1388040880, 2, 83),
(86, 2, 'image/jpeg', 3408, '4.jpg', 'data/files/store_2/goods_155/201312262255558436.jpg', 1388040955, 2, 84),
(87, 2, 'image/jpeg', 3648, '6.jpg', 'data/files/store_2/goods_6/201312262256466045.jpg', 1388041006, 2, 85),
(88, 2, 'image/jpeg', 5751, '5.jpg', 'data/files/store_2/goods_49/201312262257294186.jpg', 1388041049, 2, 86),
(89, 2, 'image/jpeg', 5358, '7.jpg', 'data/files/store_2/goods_86/201312262258066317.jpg', 1388041086, 2, 87),
(90, 2, 'image/jpeg', 3272, '8.jpg', 'data/files/store_2/goods_124/201312262258442397.jpg', 1388041124, 2, 88),
(91, 2, 'image/jpeg', 4355, '9.jpg', 'data/files/store_2/goods_180/201312262259401924.jpg', 1388041180, 2, 89),
(92, 2, 'image/jpeg', 5002, '19.jpg', 'data/files/store_2/goods_60/201312262301006712.jpg', 1388041260, 2, 90),
(93, 2, 'image/jpeg', 4741, '11.jpg', 'data/files/store_2/goods_155/201312262302356953.jpg', 1388041355, 2, 91),
(94, 2, 'image/jpeg', 3574, '12.jpg', 'data/files/store_2/goods_3/201312262303231812.jpg', 1388041403, 2, 92),
(95, 2, 'image/jpeg', 4538, '13.jpg', 'data/files/store_2/goods_48/201312262304085587.jpg', 1388041448, 2, 93),
(96, 2, 'image/jpeg', 4219, '14.jpg', 'data/files/store_2/goods_93/201312262304537590.jpg', 1388041493, 2, 94),
(97, 2, 'image/jpeg', 5472, '15.jpg', 'data/files/store_2/goods_134/201312262305341913.jpg', 1388041534, 2, 95),
(98, 2, 'image/jpeg', 4271, '16.jpg', 'data/files/store_2/goods_170/201312262306104597.jpg', 1388041570, 2, 96),
(99, 2, 'image/jpeg', 4039, '17.jpg', 'data/files/store_2/goods_27/201312262307078496.jpg', 1388041627, 2, 97),
(101, 2, 'image/jpeg', 4000, '20.jpg', 'data/files/store_2/goods_107/201312262308271759.jpg', 1388041707, 2, 98),
(102, 2, 'image/jpeg', 3351, '18.jpg', 'data/files/store_2/goods_113/201312262308337745.jpg', 1388041713, 2, 98),
(103, 2, 'image/jpeg', 4201, '21.jpg', 'data/files/store_2/goods_154/201312262309145699.jpg', 1388041754, 2, 98),
(106, 2, 'image/jpeg', 40204, 'mallad_01.jpg', 'data/files/store_2/goods_84/201411040524448659.jpg', 1415021084, 2, 99),
(107, 2, 'image/jpeg', 59609, 'mallad_02.jpg', 'data/files/store_2/goods_99/201411040524594750.jpg', 1415021099, 2, 99);

-- --------------------------------------------------------

--
-- 表的结构 `ecm_user_coupon`
--

CREATE TABLE IF NOT EXISTS `ecm_user_coupon` (
  `user_id` int(10) unsigned NOT NULL,
  `coupon_sn` varchar(20) NOT NULL,
  PRIMARY KEY (`user_id`,`coupon_sn`)
) ENGINE=MyISAM DEFAULT CHARSET=utf8;

-- --------------------------------------------------------

--
-- 表的结构 `ecm_user_priv`
--

CREATE TABLE IF NOT EXISTS `ecm_user_priv` (
  `user_id` int(10) unsigned NOT NULL DEFAULT '0',
  `store_id` int(10) unsigned NOT NULL DEFAULT '0',
  `privs` text NOT NULL,
  PRIMARY KEY (`user_id`,`store_id`)
) ENGINE=MyISAM DEFAULT CHARSET=utf8;

--
-- 转存表中的数据 `ecm_user_priv`
--

INSERT INTO `ecm_user_priv` (`user_id`, `store_id`, `privs`) VALUES
(1, 0, 'all'),
(2, 2, 'all');

-- --------------------------------------------------------

--
-- 表的结构 `ecm_wxconfig`
--

CREATE TABLE IF NOT EXISTS `ecm_wxconfig` (
  `w_id` int(11) unsigned NOT NULL AUTO_INCREMENT,
  `user_id` int(11) NOT NULL,
  `url` varchar(255) NOT NULL,
  `token` varchar(255) NOT NULL,
  `appid` varchar(255) DEFAULT NULL,
  `appsecret` varchar(255) DEFAULT NULL,
  PRIMARY KEY (`w_id`)
) ENGINE=MyISAM  DEFAULT CHARSET=utf8 AUTO_INCREMENT=2 ;

--
-- 转存表中的数据 `ecm_wxconfig`
--

INSERT INTO `ecm_wxconfig` (`w_id`, `user_id`, `url`, `token`, `appid`, `appsecret`) VALUES
(1, 2, 'http://192.168.1.101/all_ecmall/test/weixin/index.php?app=weixin&id=2', 'R58XBq30', NULL, NULL);

-- --------------------------------------------------------

--
-- 表的结构 `ecm_wxfile`
--

CREATE TABLE IF NOT EXISTS `ecm_wxfile` (
  `file_id` int(11) NOT NULL AUTO_INCREMENT,
  `user_id` int(11) NOT NULL,
  `file_type` varchar(60) NOT NULL,
  `file_size` int(10) NOT NULL DEFAULT '0',
  `file_name` varchar(255) NOT NULL,
  `file_path` varchar(255) NOT NULL,
  PRIMARY KEY (`file_id`)
) ENGINE=MyISAM  DEFAULT CHARSET=utf8 AUTO_INCREMENT=4 ;

--
-- 转存表中的数据 `ecm_wxfile`
--

INSERT INTO `ecm_wxfile` (`file_id`, `user_id`, `file_type`, `file_size`, `file_name`, `file_path`) VALUES
(1, 2, 'image/jpeg', 81999, 'slider.jpg', 'data/files/mall/weixin/201406260253518453.jpg'),
(2, 2, 'image/jpeg', 2895, 'icon.jpg', 'data/files/mall/weixin/201406260255406158.jpg'),
(3, 2, 'image/jpeg', 7293, 'logo_100x100.jpg', 'data/files/mall/weixin/201411040526439026.jpg');

-- --------------------------------------------------------

--
-- 表的结构 `ecm_wxkeyword`
--

CREATE TABLE IF NOT EXISTS `ecm_wxkeyword` (
  `kid` int(11) unsigned NOT NULL AUTO_INCREMENT,
  `user_id` int(11) NOT NULL,
  `kename` varchar(300) DEFAULT NULL,
  `kecontent` varchar(500) DEFAULT NULL,
  `type` tinyint(1) NOT NULL COMMENT '1:文本 2：图文',
  `kyword` varchar(255) DEFAULT NULL,
  `titles` varchar(1000) DEFAULT NULL,
  `imageinfo` varchar(1000) DEFAULT NULL,
  `linkinfo` varchar(1000) DEFAULT NULL,
  `ismess` tinyint(1) DEFAULT NULL,
  `isfollow` tinyint(1) DEFAULT NULL,
  `iskey` tinyint(1) DEFAULT NULL,
  PRIMARY KEY (`kid`)
) ENGINE=MyISAM  DEFAULT CHARSET=utf8 AUTO_INCREMENT=7 ;

--
-- 转存表中的数据 `ecm_wxkeyword`
--

INSERT INTO `ecm_wxkeyword` (`kid`, `user_id`, `kename`, `kecontent`, `type`, `kyword`, `titles`, `imageinfo`, `linkinfo`, `ismess`, `isfollow`, `iskey`) VALUES
(1, 2, NULL, '', 2, NULL, 'a:5:{i:0;s:36:"欢迎来到微创动力微信商城";i:1;s:51:"这是测试商品链接，点击这里测试购买";i:2;s:27:"这是店铺的首页链接";i:3;s:27:"这是商城的首页链接";i:4;s:123:"注意：本店官方淘宝店：微创动力精品源码店vchuancn.taobao.com，客服旺旺：fyhyifei，谨防受骗！";}', 'a:5:{i:0;s:45:"data/files/mall/weixin/201406260253518453.jpg";i:1;s:45:"data/files/mall/weixin/201406260255406158.jpg";i:2;s:45:"data/files/mall/weixin/201406260255406158.jpg";i:3;s:45:"data/files/mall/weixin/201406260255406158.jpg";i:4;s:45:"data/files/mall/weixin/201411040526439026.jpg";}', 'a:5:{i:0;s:48:"http://vmall.vchuang.cn/index.php?app=store&id=2";i:1;s:49:"http://vmall.vchuang.cn/index.php?app=goods&id=99";i:2;s:48:"http://vmall.vchuang.cn/index.php?app=store&id=2";i:3;s:23:"http://vmall.vchuang.cn";i:4;s:36:"http://vmall.vchuang.cn/aboutus.html";}', NULL, 1, NULL),
(5, 2, '店铺', '', 2, '店铺', 'a:2:{i:0;s:36:"欢迎来到微创动力微信商城";i:1;s:63:"这是测试商品链接，点击这里测试在微信上购买";}', 'a:2:{i:0;s:45:"data/files/mall/weixin/201406260253518453.jpg";i:1;s:45:"data/files/mall/weixin/201406260255406158.jpg";}', 'a:2:{i:0;s:48:"http://vmall.vchuang.cn/index.php?app=store&id=2";i:1;s:49:"http://vmall.vchuang.cn/index.php?app=goods&id=99";}', NULL, NULL, 1),
(4, 2, NULL, '', 2, NULL, 'a:3:{i:0;s:36:"欢迎来到微创动力微信商城";i:1;s:51:"这是测试商品链接，点击这里测试购买";i:2;s:68:"官方淘宝店：vchuangcn.taobao.com（微创动力精品源码）";}', 'a:3:{i:0;s:45:"data/files/mall/weixin/201406260253518453.jpg";i:1;s:45:"data/files/mall/weixin/201406260255406158.jpg";i:2;s:45:"data/files/mall/weixin/201411040526439026.jpg";}', 'a:3:{i:0;s:48:"http://vmall.vchuang.cn/index.php?app=store&id=2";i:1;s:49:"http://vmall.vchuang.cn/index.php?app=goods&id=99";i:2;s:23:"http://vmall.vchuang.cn";}', 1, NULL, NULL),
(6, 2, '商城', '', 2, '商城', 'a:1:{i:0;s:18:"这是商城首页";}', 'a:1:{i:0;s:45:"data/files/mall/weixin/201406260253518453.jpg";}', 'a:1:{i:0;s:23:"http://vmall.vchuang.cn";}', NULL, NULL, 1);

-- --------------------------------------------------------

--
-- 表的结构 `ecm_wxmenu`
--

CREATE TABLE IF NOT EXISTS `ecm_wxmenu` (
  `id` smallint(4) unsigned NOT NULL AUTO_INCREMENT,
  `user_id` int(10) unsigned NOT NULL DEFAULT '0',
  `name` varchar(50) NOT NULL,
  `tags` varchar(50) DEFAULT NULL,
  `pid` smallint(4) unsigned NOT NULL DEFAULT '0',
  `spid` varchar(50) DEFAULT NULL,
  `add_time` int(10) NOT NULL DEFAULT '0',
  `items` int(10) unsigned NOT NULL DEFAULT '0',
  `likes` varchar(100) DEFAULT NULL,
  `weixin_type` tinyint(1) unsigned NOT NULL DEFAULT '0' COMMENT '0:click 1:viwe',
  `ordid` tinyint(3) unsigned NOT NULL DEFAULT '255',
  `weixin_status` tinyint(1) NOT NULL DEFAULT '0',
  `weixin_keyword` varchar(255) DEFAULT NULL COMMENT '关键词',
  `weixin_key` varchar(255) DEFAULT NULL COMMENT 'key值',
  PRIMARY KEY (`id`)
) ENGINE=MyISAM DEFAULT CHARSET=utf8 AUTO_INCREMENT=1 ;

-- --------------------------------------------------------

--
-- 表的结构 `ecm_wxrelation`
--

CREATE TABLE IF NOT EXISTS `ecm_wxrelation` (
  `relation_id` int(11) unsigned NOT NULL AUTO_INCREMENT,
  `user_id` int(10) unsigned NOT NULL,
  `user_openid` varchar(65) NOT NULL,
  `store_id` int(10) unsigned NOT NULL,
  `store_openid` varchar(65) NOT NULL,
  `creat_time` int(10) unsigned NOT NULL DEFAULT '0',
  `update_time` int(10) unsigned NOT NULL DEFAULT '0',
  PRIMARY KEY (`relation_id`)
) ENGINE=MyISAM DEFAULT CHARSET=utf8 AUTO_INCREMENT=1 ;

/*!40101 SET CHARACTER_SET_CLIENT=@OLD_CHARACTER_SET_CLIENT */;
/*!40101 SET CHARACTER_SET_RESULTS=@OLD_CHARACTER_SET_RESULTS */;
/*!40101 SET COLLATION_CONNECTION=@OLD_COLLATION_CONNECTION */;
